advertised_rent,posted_to_website,posted_to_internet,property,property_name,amenities,lockbox_enabled,affordable_program,address,street,street2,city,state,zip,unit,unit_tags,unit_type,bed_and_bath,sqft,unit_status,rent_ready,days_vacant,last_rent,schd_rent,new_rent,last_move_in,last_move_out,available_on,next_move_in,description,amenities_price,computed_market_rent,ready_for_showing_on,unit_turn_target_date,property_id,unit_id,contact
1850,Yes,Yes,"100 Stovall Lane (City and HOA Reg must) - 100 Stovall Lane Caddo Mills, TX 75135",100 Stovall Lane (City and HOA Reg must),,No,,"100 Stovall Lane Caddo Mills, TX 75135",100 Stovall Lane,,Caddo Mills,TX,75135,100 Stovall Lane (City and HOA Reg must),,,4/2,2096,Notice-Unrented,Yes,23,2145,1850,,2024-12-01,2026-06-30,2026-07-05,,,0,1850,2026-05-22,2026-07-10,1811,"Rana, Satakshi",Nishant Nanani: nishant@vprealtyservices.com: 903-213-3818 (#6)
1845,No,No,"10013 Lakeview Dr (City and HOA Reg must) - 10013 Lakeview Dr Providence Village, TX 76227",10013 Lakeview Dr (City and HOA Reg must),,No,,"10013 Lakeview Dr Providence Village, TX 76227",10013 Lakeview Dr,,Providence Village,TX,76227,10013 Lakeview Dr (City and HOA Reg must),,,4/2.50,2019,Vacant-Unrented,No,239,,1845,,2025-10-16,2025-10-17,,,"Go anytime for show. The house  is vacant the code is 1975.

BRAND NEW PAINT(IN PROGRESS). Beautiful 4 bedroom 2.5 bathroom, 2 living room with 2 Dining Attractive home located on a beautiful area. rare providence village gem. great covered porch and covered balcony. fireplace, 2 car garage and beautiful lot.

- Home is available immediately
- Pets are welcome ($500 refundable per pet)
- HOA is paid by owners.
- Needs to bring Washer-Dryer-Refrigerator.
- No housing vouchers, no section 8
- Longer lease is preferred
- $55 per adult application fee.
- Apply at vprealtyservices.com
- Application has to be online only at VP Realty, No Tar applications
- Mention your broker name and number in online application if applicable

If you don't see home on VP Realty website then it means it is leased.
Text 214 597 0294 or leave VM for a live agent

This is the link for the application process and qualification criteria
https://tinyurl.com/ycksezpk",0,1845,2022-09-10,2025-10-27,1363,1131,Anjali Sangtani: anjali@vprealtyservices.com: 972-591-8075
1995,Yes,Yes,"1004 Basswood Ln Royse City, TX 75189","1004 Basswood Ln Royse City, TX 75189",,Yes,,"1004 Basswood Ln Royse City, TX 75189",1004 Basswood Ln,,Royse City,TX,75189,1004 Basswood Ln,,,4/2,2097,Vacant-Rented,Yes,59,2414.5,1995,,2024-03-07,2026-05-31,2026-06-05,2026-06-19,,0,1995,2026-04-16,2026-06-10,1619,Dharmesh Bhavsar,Anjali Sangtani: anjali@vprealtyservices.com: 972-591-8075 (#11)
1850,Yes,Yes,"1004 Cotton Gin Court - 1004 Cotton Gin Court Royse City, TX 75189",1004 Cotton Gin Court,,Yes,,"1004 Cotton Gin Court Royse City, TX 75189",1004 Cotton Gin Court,,Royse City,TX,75189,1004 Cotton Gin Court,,,4/2,1875,Vacant-Unrented,No,64,2152,1850,,2023-10-20,2026-04-01,2026-04-11,,"Anjali Sangtani, anjali@vprealtyservices.com, 972-591-8075
https://www.vprealtyservices.com/listings/detail/d79b5747-26eb-44b3-a0a5-2b4705861546",0,1850,2026-04-11,2026-04-11,1520,"Rangaswamy, Tharakesh",Anjali Sangtani: anjali@vprealtyservices.com: 972-591-8075 (#11)
2095,No,No,"1005 Comfort Dr Forney, TX 75126  (City and HOA Reg must) - 1005 Comfort Dr Forney, TX 75126","1005 Comfort Dr Forney, TX 75126  (City and HOA Reg must)",,Yes,,"1005 Comfort Dr Forney, TX 75126",1005 Comfort Dr,,Forney,TX,75126,"1005 Comfort Dr Forney, TX 75126  (City and HOA Reg must)",,,3/2.00,1998,Vacant-Unrented,No,348,2195,2095,,2024-02-02,2025-06-30,2025-07-10,,"Go and see, the home is vacant. The lockbox code is (1975). Please keep the key from where it has been taken to see the house. If you have an agent you can schedule the appointment with Broker Bay (800 257-1242).

This 3 bedroom, 2 bathroom home with a study wonât last long! Cozy and family-oriented. Use the study as a playroom for children, an office, or as an optional 4th bedroom. The open kitchen and large living room provide great space for entertaining. The backyard offers a covered patio with a TV and a pea gravel pit that can be used as a childrenâs play area or more entertainment space. Minutes away from Heath, Rockwall, and Forney with access to highways 80 or 20. 

- Home is available immediately
- Pets are welcome ($600 non-refundable per pet)
- HOA is paid by owners.
- Washer-Dryer-Refrigerator are included.
- No housing vouchers, no section 8
- $55 per adult application fee.
- Apply at vprealtyservices.com
- Application has to be online only at VP Realty, No Tar applications
- Mention your broker name and number in the online application if applicable

(PET POLICY):
- Pets are welcome. The pet deposit is $600 for each pet, and it is non-refundable.

(REQUIREMENT):

- The Credit requirement is on a case-by-case basis. If the credit scores are lower then more deposits may be needed
- Rental history, income, background, and credit history will be verified
- Monthly income must be at least 3 times the monthly rent.

(DEPOSIT):
- The deposit is a minimum of one month's rent, subject to case-by-case evaluation and credit assessment.
- Qualification in the slides below

Please note: If the home is not listed on the VP Realty website, it means it has been leased.

Questions for this home:
Connect for info with Meghna Maherchandani: +1 (972) 591-8987 or Email: Meghna at vprealtyservices.com

To begin the application process and review the qualification criteria, please visit the following link:
https://tinyurl.com/ycksezpk

Don't miss out on this incredible opportunity to secure this beautiful new home. Apply now and make it yours!",0,2095,2025-07-10,2025-07-10,419,736,Anjali Sangtani: anjali@vprealtyservices.com: 972-591-8075
,No,No,"1005 Splitrock Drive Allen, TX 75013 - 1005 Splitrock Dr, Allen, TX 75013","1005 Splitrock Drive Allen, TX 75013",,No,,"1005 Splitrock Dr, Allen, TX 75013","1005 Splitrock Dr,",,Allen,TX,75013,"1005 Splitrock Drive Allen, TX 75013",,,3/3.00,2135,Vacant-Unrented,Yes,0,,,,,,,,,0,,,,2025,1790,Anjali Sangtani: anjali@vprealtyservices.com: 972-591-8075
,No,No,"1007 Simmental Loop, Hutto, TX 78634","1007 Simmental Loop, Hutto, TX 78634",,No,,"1007 Simmental Loop, Hutto, TX 78634","1007 Simmental Loop,",,Hutto,TX,78634,"1007 Simmental Loop,",,,4/3.00,2400,Vacant-Unrented,No,113,,,,2025-06-01,2026-02-20,2026-03-02,,,0,,2026-03-02,2026-03-02,2050,1815,Anjali Sangtani: anjali@vprealtyservices.com: 972-591-8075
2195,No,No,"1009 Riverstone Trail, Princeton, TX 75407 - 1009 Riverstone Trail Princeton, TX 75407","1009 Riverstone Trail, Princeton, TX 75407",,No,,"1009 Riverstone Trail Princeton, TX 75407",1009 Riverstone Trail,,Princeton,TX,75407,"1009 Riverstone Trail, Princeton, TX 75407",,,5/2.00,2047,Vacant-Rented,Yes,13,2304,2195,,2024-08-20,2026-05-31,2026-06-10,2026-07-01,,0,2195,2026-04-25,2026-06-10,373,538,Anjali Sangtani: anjali@vprealtyservices.com: 972-591-8075
,No,No,"1013 Mesa Verde Allen - 1013 Mesa Verde Allen, TX 75002",1013 Mesa Verde Allen,,No,,"1013 Mesa Verde Allen, TX 75002",1013 Mesa Verde,,Allen,TX,75002,1013 Mesa Verde Allen,,,,,Vacant-Unrented,No,195,,,,2018-04-26,2025-11-30,2025-12-10,,,0,,2025-12-10,2025-12-10,46,5,Anjali Sangtani: anjali@vprealtyservices.com: 972-591-8075
2895,No,No,"1024 Mufasa Lane McKinney, TX 75071   (City and HOA Reg must) - 1024 Mufasa Lane McKinney, TX 75071","1024 Mufasa Lane McKinney, TX 75071   (City and HOA Reg must)",,No,,"1024 Mufasa Lane McKinney, TX 75071",1024 Mufasa Lane,,McKinney,TX,75071,"1024 Mufasa Lane McKinney, TX 75071   (City and HOA Reg must)",,,4/3.50,3000,Vacant-Unrented,Yes,301,2960,2895,,2025-08-15,2025-08-16,2025-08-26,,,0,2895,2025-08-26,2025-08-26,1907,1673,Anjali Sangtani: anjali@vprealtyservices.com: 972-591-8075
1850,Yes,Yes,"1033 Sourgum St - 1033 Sourgum St Princeton, TX 75407",1033 Sourgum St,,Yes,,"1033 Sourgum St Princeton, TX 75407",1033 Sourgum St,,Princeton,TX,75407,1033 Sourgum St,,,4/2,1667,Vacant-Unrented,Yes,6,2093,1850,,2024-07-29,2026-06-07,2026-06-08,,,0,1850,2026-06-08,2026-06-17,1730,"Adari, Venkata Eswara",Husna  Siddiqui: husna@vprealtyservices.com: 903-751-5965 (#5)
1995,Yes,Yes,"104 Omaha Ln  (City and HOA Reg must) - 104 Omaha Ln Caddo Mills, TX 75135",104 Omaha Ln  (City and HOA Reg must),,No,,"104 Omaha Ln Caddo Mills, TX 75135",104 Omaha Ln,,Caddo Mills,TX,75135,104 Omaha Ln  (City and HOA Reg must),,,4/2,1583,Vacant-Unrented,Yes,10,1995,1995,,2024-04-14,2026-05-31,2026-06-10,,"The home is occupied. Showings will be starting afterÂ April 4th, 2024 or you can reach out to Anjali at 972-591-8075 or via email at anjali@vprealtyservices.com. If you have an agent, please use Broker Bay at (800) 257-1242 for the showing.

This home features 4 bedrooms, 2 baths and a 2 car garage. Open floorplan design is great for entertaining and wait till you see this backyard with an extended large concrete patio. This kitchen has a nice-sized pantry, lots of cabinets, granite countertops, and a breakfast bar island. Split primary bedroom with large walk-in closet, bath with shower, and built-in shelves. The recessed lights are great in this home. Pretty neutral colors throughout. Desirable Caddo Mills ISD with Kathryn Griffis Elementary in the neighborhood. Minutes to Downtown Royse City for restaurants and shopping or go a little further east to Greenville. Be a part of this growing community where you can see and hear the sound of country living all around town.

- The home will be available on April 4th, 2024. 
- Homeowners' Association (HOA) fees are covered by the owners
- Tenants Need to bring Washer-Dryer-Refrigerator 
- No housing vouchers or Section 8
- Application fee of $65 per adult
- Apply online at vprealtyservices.com (No TAR applications)
- Please mention your broker's name and number in the online application if applicable

(PET POLICY):
- Pets are welcome. The pet deposit is $600 for each pet, and it is refundable.

(REQUIREMENT):
- The Credit requirement is on a case-by-case basis. If the credit scores are lower then more deposits may be needed
- Rental history, income, background, and credit history will be verified
- Monthly income must be at least 3 times the monthly rent.

(DEPOSIT):
- The deposit is a minimum of one month's rent, subject to case-by-case evaluation and credit assessment.
- Qualification in the slides below

Please note: If the home is not listed on the VP Realty website, it means it has been leased.

Questions for this home:
Call Anjali Sangtani: at 972-591-8075, or anjali@vprealtyservices.com
Text 214 597 0294 or leave VM for a live agent

To begin the application process and review the qualification criteria, please visit the following link:
https://tinyurl.com/ycksezpk

Don't miss out on this incredible opportunity to secure this beautiful new home. Apply now and make it yours!",0,1995,2026-06-04,2026-06-10,1656,"Shah, Vinit",Anjali Sangtani: anjali@vprealtyservices.com: 972-591-8075 (#11)
1995,No,No,"106 Sunberry Drive, - 106 Sunberry Drive, Caddo Mills, TX 75135","106 Sunberry Drive,",,Yes,,"106 Sunberry Drive, Caddo Mills, TX 75135","106 Sunberry Drive,",,Caddo Mills,TX,75135,"106 Sunberry Drive,",,,4/2.00,1902,Vacant-Unrented,Yes,0,,1995,,,,2025-05-20,,,0,1995,2026-04-02,,1886,1652,Anjali Sangtani: anjali@vprealtyservices.com: 972-591-8075
2395,No,No,"10616 Jackson Hole Lane McKinney, TX 75072  (City and HOA Reg must) - 10616 Jackson Hole Lane McKinney, TX 75072","10616 Jackson Hole Lane McKinney, TX 75072  (City and HOA Reg must)",,No,,"10616 Jackson Hole Lane McKinney, TX 75072",10616 Jackson Hole Lane,,McKinney,TX,75072,"10616 Jackson Hole Lane McKinney, TX 75072  (City and HOA Reg must)",,,3/2.00,2058,Vacant-Rented,Yes,13,2699.65,2395,2400,2024-12-22,2026-05-31,,2026-06-26,,0,2395,2026-05-24,2026-06-10,1808,1574,Anjali Sangtani: anjali@vprealtyservices.com: 972-591-8075
2195,Yes,Yes,"1111 Meadow Side Dr - 1111 Meadow Side Dr Princeton, TX 75407",1111 Meadow Side Dr,,Yes,,"1111 Meadow Side Dr Princeton, TX 75407",1111 Meadow Side Dr,,Princeton,TX,75407,1111 Meadow Side Dr,,,4/4,1567,Vacant-Unrented,Yes,3,1942.5,2195,,2024-10-26,2026-05-30,2026-06-11,,,0,2195,2026-06-11,2026-06-09,1767,"Mahadevia Properties LLC (kartavya, monal, shailesh)",Jay Rupareliya: jay_r@vprealtyservices.com: 903-213-5286 (#2)
,No,No,"111111 example property example, TX 75402","111111 example property example, TX 75402",,No,,"111111 example property example, TX 75402",111111 example property,,example,TX,75402,111111 example property,,,,,Vacant-Unrented,No,287,1000,,,2025-06-01,2025-08-30,2025-09-09,,,0,,2025-09-09,2025-09-09,1963,1729,Anjali Sangtani: anjali@vprealtyservices.com: 972-591-8075
,No,No,"11392 blackwater Trl, Frisco TX 75035 - 11392 blackwater Trl, Frisco, TX 75035","11392 blackwater Trl, Frisco TX 75035",,No,,"11392 blackwater Trl, Frisco, TX 75035","11392 blackwater Trl,",,Frisco,TX,75035,"11392 blackwater Trl, Frisco TX 75035",,,3/3.00,2715,Vacant-Unrented,Yes,0,,,,,,,,,0,,,,2036,1801,Anjali Sangtani: anjali@vprealtyservices.com: 972-591-8075
1895,Yes,Yes,"1149 Beaverwood Lane Crowley, TX 76036","1149 Beaverwood Lane Crowley, TX 76036",,Yes,,"1149 Beaverwood Lane Crowley, TX 76036",1149 Beaverwood Lane,,Crowley,TX,76036,1149 Beaverwood Lane,,,3/2,1552,Vacant-Rented,No,61,,1895,,,,2026-03-19,2026-06-29,"Go and see it any time. The home is vacant. code is 6937

Incredible, BRAND NEW HOME, 2022 new construction home is located in Lasater Ranch, a beautiful neighbourhood in Crowley, Texas. This one-story home features a stylish and functional layout with three bedrooms, two bathrooms, a spacious family room and more. The chef-ready kitchen with its sparkling granite countertops, oversized wood cabinetry, full suite of energy-efficient appliances and easy access to the dining room, create a functional area for preparing your family's meals. In addition, this home comes with designer-selected upgrades included at no extra cost such as luxury vinyl-plank flooring, a Wi-Fi-enabled garage door opener, programmable thermostat and more.

- Home is available immediately.
- Pets are welcome ($500 refundable per pet)
- HOA is paid by owners.
- Needs to bring Washer-Dryer
- No housing vouchers, no section 8
- Longer lease is preferred
- $65 per adult application fee.
- Apply at vprealtyservices.com
- Application has to be online only at VP Realty, No Tar applications
- Mention your broker name and number in online application if applicable

If you don't see home on VP Realty website then it means it is leased.
Text 214 597 0294 or leave VM for a live agent

This is the link for the application process and qualification criteria
https://tinyurl.com/y3a97pmc",0,1895,2026-04-14,,582,"Series LLC, RFour-Beaverwood,",Sana Saiyed: sana@vprealtyservices.com: 903-225-9627 (#5)
3295,Yes,Yes,"1200 Talley Lane (Owner Approval must) Frisco, TX 75033","1200 Talley Lane (Owner Approval must) Frisco, TX 75033",,No,,"1200 Talley Lane (Owner Approval must) Frisco, TX 75033",1200 Talley Lane,(Owner Approval must),Frisco,TX,75033,1200 Talley Lane,,,4/2,3411,Notice-Unrented,Yes,25,3395,3295,,2024-07-15,2026-06-30,2026-07-10,,,0,3295,2026-05-20,2026-07-10,1718,"Paleti, Chetan",Anjali Sangtani: anjali@vprealtyservices.com: 972-591-8075 (#11)
2195,Yes,Yes,"1205 Colonial Bluff Lane, Princeton, Texas 75407 - 1205 Colonial Bluff Lane, Princeton, TX 75407 Princeton, TX 75407","1205 Colonial Bluff Lane, Princeton, Texas 75407",,No,,"1205 Colonial Bluff Lane, Princeton, TX 75407 Princeton, TX 75407","1205 Colonial Bluff Lane, Princeton, TX 75407",,Princeton,TX,75407,"1205 Colonial Bluff Lane, Princeton, Texas 75407",,,4/2,2039,Vacant-Unrented,Yes,9,,2195,,,,2026-07-01,,,0,2195,2026-06-05,,2071,"Tamminaina , Purnarao",Husna  Siddiqui: husna@vprealtyservices.com: 903-751-5965 (#5)
2395,Yes,Yes,"1206 Periwinkle Dr Wylie, TX 75098","1206 Periwinkle Dr Wylie, TX 75098",,No,,"1206 Periwinkle Dr Wylie, TX 75098",1206 Periwinkle Dr,,Wylie,TX,75098,1206 Periwinkle Dr,,,3/2,1857,Vacant-Unrented,Yes,12,,2395,,,,2026-06-13,,,0,2395,2026-06-02,,2069,"Jhaveri, Mihir",Uzma Urooj: uzma@vprealtyservices.com: 972-591-8905 (#8)
2095,No,No,"122 Secretariat Ln, Caddo Mills, TX 75135(Lease Only) (City and HOA Reg must) - 122 Secretariat Ln (VS Approval MUST) Caddo Mills, TX 75135","122 Secretariat Ln, Caddo Mills, TX 75135(Lease Only) (City and HOA Reg must)",,Yes,,"122 Secretariat Ln (VS Approval MUST) Caddo Mills, TX 75135",122 Secretariat Ln (VS Approval MUST),,Caddo Mills,TX,75135,"122 Secretariat Ln, Caddo Mills, TX 75135(Lease Only) (City and HOA Reg must)",,,4/2.00,1880,Notice-Rented,Yes,,1945,2095,2095,2025-10-01,2026-06-30,,2026-07-05,,0,2095,2026-05-25,2026-07-10,1583,1351,Anjali Sangtani: anjali@vprealtyservices.com: 972-591-8075
2850,No,No,"12355 Ducks Landing - 12355 Ducks Landing Frisco, TX 75033",12355 Ducks Landing,,Yes,,"12355 Ducks Landing Frisco, TX 75033",12355 Ducks Landing,,Frisco,TX,75033,12355 Ducks Landing,,,4/3.00,2651,Vacant-Unrented,Yes,0,,2850,,,,2026-05-15,,,0,2850,2026-05-10,,257,283,Anjali Sangtani: anjali@vprealtyservices.com: 972-591-8075
2495,Yes,No,"12475 Cajun Dr - 12475 Cajun Dr Frisco, TX 75035",12475 Cajun Dr,,No,,"12475 Cajun Dr Frisco, TX 75035",12475 Cajun Dr,,Frisco,TX,75035,12475 Cajun Dr,,,4/2.50,2334,Notice-Unrented,Yes,27,2500,2495,,2023-05-14,2026-06-30,2026-07-05,,"Uzma, uzma@vprealtyservices.com, (972) 591-8905â¬
https://www.vprealtyservices.com/listings/detail/fe7ddedf-cb8f-44a8-bc25-b02c0c59de13",0,2495,2026-05-18,2026-07-10,160,"Trivedi, Hitarth",Uzma Urooj: uzma@vprealtyservices.com: 972-591-8905 (#8)
3595,No,No,"12813 Sherbrooke Dr Frisco, TX 75035","12813 Sherbrooke Dr Frisco, TX 75035",,Yes,,"12813 Sherbrooke Dr Frisco, TX 75035",12813 Sherbrooke Dr,,Frisco,TX,75035,12813 Sherbrooke Dr,,,4/3.50,3666,Vacant-Rented,Yes,13,3795,3595,,2023-02-15,2026-05-31,2026-06-10,2026-06-23,,0,3595,2026-04-18,2026-06-10,1411,1179,Anjali Sangtani: anjali@vprealtyservices.com: 972-591-8075
,No,No,"12873 Kiltartan Dr - 12873 Kiltartan Dr, Frisco, TX 75035",12873 Kiltartan Dr,,No,,"12873 Kiltartan Dr, Frisco, TX 75035","12873 Kiltartan Dr,",,Frisco,TX,75035,12873 Kiltartan Dr,,,,,Vacant-Unrented,Yes,0,,,,,,,,,0,,,,2073,1837,Anjali Sangtani: anjali@vprealtyservices.com: 972-591-8075
2050,No,No,"12873 Kiltartan Drive - 12873 Kiltartan Drive Frisco, TX 75035",12873 Kiltartan Drive,,No,,"12873 Kiltartan Drive Frisco, TX 75035",12873 Kiltartan Drive,,Frisco,TX,75035,12873 Kiltartan Drive,,,3/2.00,1663,Vacant-Rented,Yes,0,,2050,,,,,2026-07-01,,0,2050,,,2075,1839,Anjali Sangtani: anjali@vprealtyservices.com: 972-591-8075
1995,Yes,Yes,"1300 Land Oak Road Royse City, TX 75189","1300 Land Oak Road Royse City, TX 75189",,No,,"1300 Land Oak Road Royse City, TX 75189",1300 Land Oak Road,,Royse City,TX,75189,1300 Land Oak Road,,,3/2.50,1970,Notice-Unrented,Yes,27,0,1995,,2023-07-01,2026-06-30,2026-07-05,,,0,1995,2026-05-18,2026-07-10,1482,"Parikh, Rahul",Jeel Hemrajani: jeel@vprealtyservices.com: 903-776-4548 (#7)
2495,No,No,"1300 Poplar Dr McKinney, TX 75072 - 1300 Poplar Dr McKinney, TX 75072","1300 Poplar Dr McKinney, TX 75072",,Yes,,"1300 Poplar Dr McKinney, TX 75072",1300 Poplar Dr,,McKinney,TX,75072,"1300 Poplar Dr McKinney, TX 75072",,,4/2.00,2293,Vacant-Rented,Yes,0,,2495,2495,,,,2026-06-15,,0,2495,2026-03-19,,2022,1787,Anjali Sangtani: anjali@vprealtyservices.com: 972-591-8075
2895,No,No,"1305 Auburn Wylie, TX 75098","1305 Auburn Wylie, TX 75098",,No,,"1305 Auburn Wylie, TX 75098",1305 Auburn,,Wylie,TX,75098,1305 Auburn,,,6/2.50,3076,Vacant-Unrented,No,42,3095,2895,,2020-07-01,2026-05-02,2026-05-12,,,0,2895,2026-05-12,2026-05-12,215,238,Anjali Sangtani: anjali@vprealtyservices.com: 972-591-8075
2395,No,No,"1317 Rusk Drive, Allen, TX 75002 - 1317 Rusk Drive Allen, TX 75002","1317 Rusk Drive, Allen, TX 75002",,No,,"1317 Rusk Drive Allen, TX 75002",1317 Rusk Drive,,Allen,TX,75002,"1317 Rusk Drive, Allen, TX 75002",LS_01_1313R,,4/2.50,2636,Vacant-Unrented,No,69,2395,2395,,2024-08-01,2026-04-05,2026-04-15,,,0,2395,2026-04-15,2026-04-15,328,355,Anjali Sangtani: anjali@vprealtyservices.com: 972-591-8075
3495,No,No,"13486 Mercedes LN  (service fee ) Drive Frisco, TX 75035","13486 Mercedes LN  (service fee ) Drive Frisco, TX 75035",,Yes,,"13486 Mercedes LN  (service fee ) Drive Frisco, TX 75035",13486 Mercedes LN  (service fee ),Drive,Frisco,TX,75035,13486 Mercedes LN  (service fee ),,,5/4.50,4032,Vacant-Unrented,No,13,,3495,,2024-10-15,2026-05-31,2026-06-10,,,0,3495,2026-06-10,2026-06-10,251,276,Anjali Sangtani: anjali@vprealtyservices.com: 972-591-8075
2395,No,No,"1404 Deerfield Drive, Anna, TX 75409 (City Reg Must) - 1404 Deerfield Drive Anna, TX 75409","1404 Deerfield Drive, Anna, TX 75409 (City Reg Must)",,No,,"1404 Deerfield Drive Anna, TX 75409",1404 Deerfield Drive,,Anna,TX,75409,"1404 Deerfield Drive, Anna, TX 75409 (City Reg Must)",,,4/2.50,2245,Vacant-Unrented,No,103,2500,2395,,2023-05-12,2026-03-02,2026-03-12,,"Go and Show anytime, Lockbox Code is 1975. 

Located in the desirable city of Anna, TX. This one and a half story home features 9' ceilings, white cabinets, white countertops and an open concept plan with a game room and half bath upstairs. 4 full bedrooms and 2 full baths on the main floor. 

- Home is available immediately
- Pets are welcome ($500 refundable per pet)
- HOA is paid by owners.
- Needs to bring Washer-Dryer-Refrigerator.
- No housing vouchers, no section 8
- Longer lease is preferred
- $55 per adult application fee
- Apply at vprealtyservices.com
- Application has to be online only at VP Realty, No Tar applications
- Mention your broker name and number in online application if applicable

If you don't see home on VP Realty website then it means it is leased.
Text 214 597 0294 or leave VM for a live agent

This is the link for the application process and qualification criteria
https://tinyurl.com/ycksezpk",0,2395,2026-03-12,2026-03-12,1442,1210,Anjali Sangtani: anjali@vprealtyservices.com: 972-591-8075
1950,No,No,"1409 Rosson Rd Little Elm, TX 75068  (City and HOA Reg Must) - 1409 Rosson Rd Little Elm, TX 75068","1409 Rosson Rd Little Elm, TX 75068  (City and HOA Reg Must)",,Yes,,"1409 Rosson Rd Little Elm, TX 75068",1409 Rosson Rd,,Little Elm,TX,75068,"1409 Rosson Rd Little Elm, TX 75068  (City and HOA Reg Must)",,,3/2.00,1883,Vacant-Rented,Yes,14,2145,1950,1950,2025-03-25,2026-05-30,,2026-07-01,,0,1950,2026-04-22,2026-06-09,1847,1613,Anjali Sangtani: anjali@vprealtyservices.com: 972-591-8075
2695,No,No,"1417 Lampasas Drive - 1417 Lampasas Drive Allen, TX 75013",1417 Lampasas Drive,,No,,"1417 Lampasas Drive Allen, TX 75013",1417 Lampasas Drive,,Allen,TX,75013,1417 Lampasas Drive,,,4/2.50,2924,Vacant-Unrented,No,1064,2795,2695,,2018-08-18,2023-07-15,2026-04-12,,,0,2695,2026-04-12,2023-07-25,162,30,Anjali Sangtani: anjali@vprealtyservices.com: 972-591-8075
695,No,No,"1506 N GreenVille Ave #220 Allen, TX 75002","1506 N GreenVille Ave #220 Allen, TX 75002",,No,,"1506 N GreenVille Ave #220 Allen, TX 75002",1506 N GreenVille Ave #220,,Allen,TX,75002,1506 N GreenVille Ave #220,,,1,,Vacant-Unrented,No,1079,500,695,,2022-09-01,2023-06-30,2023-07-10,,,0,695,2024-09-12,2023-07-10,536,852,Anjali Sangtani: anjali@vprealtyservices.com: 972-591-8075
3595,No,No,"15103 Springwood Drive Frisco, TX 75035","15103 Springwood Drive Frisco, TX 75035",,No,,"15103 Springwood Drive Frisco, TX 75035",15103 Springwood Drive,,Frisco,TX,75035,15103 Springwood Drive,,,4/3.00,2900,Vacant-Unrented,No,74,3595,3595,,2024-12-07,2026-03-31,2026-04-10,,,0,3595,2026-04-10,2026-04-10,1766,1533,Anjali Sangtani: anjali@vprealtyservices.com: 972-591-8075
1695,No,No,"1516 Chama Dr Fort Worth, TX 76119","1516 Chama Dr Fort Worth, TX 76119",,Yes,,"1516 Chama Dr Fort Worth, TX 76119",1516 Chama Dr,,Fort Worth,TX,76119,1516 Chama Dr,,,3/2.50,1625,Vacant-Rented,Yes,74,1650,1695,1695,2025-11-01,2026-03-31,,2026-06-25,,0,1695,2026-03-26,2026-04-10,1671,1439,Anjali Sangtani: anjali@vprealtyservices.com: 972-591-8075
2395,Yes,Yes,"1526 Forever Way Princeton, TX 75407","1526 Forever Way Princeton, TX 75407",,Yes,,"1526 Forever Way Princeton, TX 75407",1526 Forever Way,,Princeton,TX,75407,1526 Forever Way,,,4/2,2618,Vacant-Unrented,Yes,74,,2395,,,,2026-04-01,,,0,2395,2026-04-01,,2045,"Kumar Vaka, Kiran",Mounika Toodi: mounika@vprealtyservices.com: 903-776-4492 (#5)
2995,No,No,"1532 Tanglewood - 1532 Tanglewood Allen, TX 75002",1532 Tanglewood,,No,,"1532 Tanglewood Allen, TX 75002",1532 Tanglewood,,Allen,TX,75002,1532 Tanglewood,,,4/2.00,2784,Vacant-Unrented,No,39,3080,2995,,2018-01-12,2026-05-05,2026-05-15,,,0,2995,2026-05-20,2026-05-15,112,39,Anjali Sangtani: anjali@vprealtyservices.com: 972-591-8075
2195,No,No,"1604 Goodwin Dr Aubrey, TX 76227","1604 Goodwin Dr Aubrey, TX 76227",,No,,"1604 Goodwin Dr Aubrey, TX 76227",1604 Goodwin Dr,,Aubrey,TX,76227,1604 Goodwin Dr,,,5/3.50,2795,Vacant-Unrented,No,66,2295,2195,,2024-08-15,2026-04-08,2026-04-18,,,0,2195,2026-04-18,2026-04-18,1382,1150,Anjali Sangtani: anjali@vprealtyservices.com: 972-591-8075
3750,No,No,"1650 Chisholm Trail Prosper, TX 75078","1650 Chisholm Trail Prosper, TX 75078",,No,,"1650 Chisholm Trail Prosper, TX 75078",1650 Chisholm Trail,,Prosper,TX,75078,1650 Chisholm Trail,,,5/4.50,4042,Vacant-Unrented,No,74,3650,3750,,2024-12-05,2026-03-31,2026-04-10,,,0,3750,2026-04-10,2026-04-10,1759,1526,Anjali Sangtani: anjali@vprealtyservices.com: 972-591-8075
2695,No,No,"1665 Princess Lane ( HOA Reg Must ) Frisco, TX 75036","1665 Princess Lane ( HOA Reg Must ) Frisco, TX 75036",,Yes,,"1665 Princess Lane ( HOA Reg Must ) Frisco, TX 75036",1665 Princess Lane ( HOA Reg Must ),,Frisco,TX,75036,1665 Princess Lane ( HOA Reg Must ),,,5/3.00,3655,Vacant-Unrented,No,44,2695,2695,,2025-07-20,2026-04-30,2026-05-10,,,0,2695,2026-05-10,2026-05-10,220,243,Anjali Sangtani: anjali@vprealtyservices.com: 972-591-8075
1950,No,No,"1704 Gulin Street - 1704 Gulin Street Royse City, TX 75189",1704 Gulin Street,,No,,"1704 Gulin Street Royse City, TX 75189",1704 Gulin Street,,Royse City,TX,75189,1704 Gulin Street,,,4/2.00,2010,Vacant-Unrented,No,32,1950,1950,,2026-03-15,2026-05-12,2026-05-22,,,0,1950,2026-05-22,2026-05-22,1990,1756,Anjali Sangtani: anjali@vprealtyservices.com: 972-591-8075
1995,No,No,"171 Seabiscuit Drive, Caddo Mills, Texas 75135 (City and HOA Reg must) - 171 Seabiscuit Drive Caddo Mills, TX 75135","171 Seabiscuit Drive, Caddo Mills, Texas 75135 (City and HOA Reg must)",,No,,"171 Seabiscuit Drive Caddo Mills, TX 75135",171 Seabiscuit Drive,,Caddo Mills,TX,75135,"171 Seabiscuit Drive, Caddo Mills, Texas 75135 (City and HOA Reg must)",,,4/3.00,2097,Vacant-Unrented,No,225,1995,1995,,2024-07-06,2025-10-31,2025-11-10,,"Currently occupied with tenants. Please call or text to (Raj Shah:âª(972) 591-1060â¬) for  schedule a showing. He will arrange a showing. If they don't allow it, it will be available only after a tenant moves out. If you have an agent you can schedule the appointment with Broker Bay (800 257-1242)

This lovely home offers 4 bedrooms, 3 full bathrooms with a study! Extremely open floorplan with luxury vinyl flooring throughout main areas. Spacious eat-in kitchen boasts oversized island, granite counters and stainless appliances, fridge to stay with home. Large dining area, perfect for the holidays! Living area is warm and welcoming, making it easy to cozy up of an evening! Primary bedroom with ensuite offers separate shower and spacious walk in closet. This home offers stone flowerbeds and full irrigation. Backyard has covered back patio and plenty of space to catch sun rays! This community is equipped with walking and biking trails, swimming pool and playground!

- Home is available on 07/07/2024
- Pets are welcome ($600 non-refundable per pet)
- Need to bring Refrigerator, washer and Dryer.
- HOA is paid by owners.
- No Housing voucher sec 8 accepted
- Longer lease is preferred
- $50 per adult application fee
- Apply at vprealtyservices.com
- Application has to be online only at VP Realty, No Tar applications
- Mention your broker name and number in online application if applicable

If you don't see home on VP Realty website then it means it is leased.

Questions for this home:
Call Yash borad : (972) 591-1017 or Email: yash@vprealtyservices.com
Leasing Number: +1 (214) 597-0294

This is the link for the application process and qualification criteria
https://tinyurl.com/ycksezpk",0,1995,2025-11-10,2025-11-10,1548,1316,Anjali Sangtani: anjali@vprealtyservices.com: 972-591-8075
2995,No,No,"1726 Cherub Cheer Row Wylie, TX 75098","1726 Cherub Cheer Row Wylie, TX 75098",,No,,"1726 Cherub Cheer Row Wylie, TX 75098",1726 Cherub Cheer Row,,Wylie,TX,75098,1726 Cherub Cheer Row,,,4/2.50,3382,Vacant-Unrented,Yes,0,,2995,,,,2025-11-01,,,0,2995,2025-08-25,,1950,1716,Anjali Sangtani: anjali@vprealtyservices.com: 972-591-8075
2845,Yes,Yes,"1728 Heron Way, Argyle, Texas 76226 - 1728 Heron Way Argyle, TX 76226","1728 Heron Way, Argyle, Texas 76226",,Yes,,"1728 Heron Way Argyle, TX 76226",1728 Heron Way,,Argyle,TX,76226,"1728 Heron Way, Argyle, Texas 76226",,,5/3,2799,Vacant-Rented,Yes,38,,2845,,,,2026-05-07,2026-06-25,,0,2845,2026-05-07,,2061,"Joshi, Anjali",Mounika Toodi: mounika@vprealtyservices.com: 903-776-4492 (#5)
3495,No,No,"1736 Hickory Chase circle Keller, TX 76248","1736 Hickory Chase circle Keller, TX 76248",,No,,"1736 Hickory Chase circle Keller, TX 76248",1736 Hickory Chase circle,,Keller,TX,76248,1736 Hickory Chase circle,,,4/3.00,6625,Vacant-Unrented,No,74,3739.65,3495,,2024-08-05,2026-03-31,2026-04-10,,"Go and see the house, the house is vacant. The code is 1975.

Coffee on the front porch is a great way to start your day. This home boasts a great floor plan and a culdesac location. The large kitchen will quickly become one of the favorite rooms in the house with the upgraded cabinets and appliances. The media room with the included media equipment and wall-to-wall screen might give the kitchen a run for it's money for the popular vote. Add in the game room, covered patio, central vacuum, and extensive upgrades, large master suite with custom closet system.

- Home is available Immediately 
- Pets are welcome ($600 refundable per pet).
- HOA is paid by owners.
- Tenant needs to bring Washer-Dryer-Refrigerator.
- No housing vouchers (We have no properties which accept vouchers), no Section 8
- longer lease is preferred
- $55 per adult application fee.
- Apply at vprealtyservices.com

If you don't see home on VP Realty website then it means it is leased.
Text 214 597 0294 or leave VM for a live agent

This is the link for the application process:
https://tinyurl.com/y3a97pmc  ",0,3495,2026-04-10,2026-04-10,280,307,Anjali Sangtani: anjali@vprealtyservices.com: 972-591-8075
1595,No,No,"1810 Clegg Howe, TX 75459","1810 Clegg Howe, TX 75459",,No,,"1810 Clegg Howe, TX 75459",1810 Clegg,,Howe,TX,75459,1810 Clegg,,,4/3.00,2085,Vacant-Rented,Yes,0,,1595,,,,2026-03-31,2026-06-15,"This home is a must see! Home is available immediately. Pets are welcome and considered case by case ($600 refundable per pet). HOA is paid by owners. Need to bring Washer-Dryer-Refrigerator. No housing vouchers, no section 8. Mention your broker name and number in online application if applicable. Qualifying criteria Deposit determined by Credit Score. $51 per adult application fee. This lovely 4 bedroom home features a large family room with lots of light. The fully equipped kitchen showcases new, energy-efficient kitchen appliances (including refrigerator), Custom Kitchen Cabinets, and stunning curb-side appeal. The spacious master suite features a large walk-in closet, garden tub and separate walk-in shower. Our Other available Properties.
tinyurl.com/vpleaseav",0,1595,2026-03-31,,2044,1809,Anjali Sangtani: anjali@vprealtyservices.com: 972-591-8075
2195,No,No,"1821 Forsythe Drive Savannah, TX 76227","1821 Forsythe Drive Savannah, TX 76227",,No,,"1821 Forsythe Drive Savannah, TX 76227",1821 Forsythe Drive,,Savannah,TX,76227,1821 Forsythe Drive,,,4/2.50,2420,Vacant-Unrented,No,348,2195,2195,,2024-08-15,2025-06-30,2025-07-10,,,0,2195,2025-07-10,2025-07-10,1430,1198,Anjali Sangtani: anjali@vprealtyservices.com: 972-591-8075
2550,No,No,"1828 Mercer Way Savannah, TX 76227","1828 Mercer Way Savannah, TX 76227",,No,,"1828 Mercer Way Savannah, TX 76227",1828 Mercer Way,,Savannah,TX,76227,1828 Mercer Way,,,4/3.00,2530,Vacant-Unrented,No,409,2250,2550,,2024-02-01,2025-04-30,2025-06-20,,,0,2550,2025-05-10,2025-05-10,1428,1196,Anjali Sangtani: anjali@vprealtyservices.com: 972-591-8075
1195,Yes,Yes,"18333 Roehampton Drive Unit#825 Dallas, TX 75252","18333 Roehampton Drive Unit#825 Dallas, TX 75252",,No,,"18333 Roehampton Drive Unit#825 Dallas, TX 75252",18333 Roehampton Drive,Unit#825,Dallas,TX,75252,18333 Roehampton Drive,,,1/1,584,Vacant-Unrented,Yes,16,,1195,,,,2026-06-01,,,0,1195,2026-05-29,,2067,"Jain, Davender",Anjali Sangtani: anjali@vprealtyservices.com: 972-591-8075 (#11)
1995,No,Yes,"1904 Clark Street Anna, TX 75409","1904 Clark Street Anna, TX 75409",,No,,"1904 Clark Street Anna, TX 75409",1904 Clark Street,,Anna,TX,75409,1904 Clark Street,,,4/2.00,1657,Vacant-Unrented,Yes,0,,1995,,,,2026-06-01,,,0,1995,2026-05-26,,2066,1830,Anjali Sangtani: anjali@vprealtyservices.com: 972-591-8075
2150,Yes,Yes,"1908 Marquette rd Princeton, TX 75407","1908 Marquette rd Princeton, TX 75407",,Yes,,"1908 Marquette rd Princeton, TX 75407",1908 Marquette rd,,Princeton,TX,75407,1908 Marquette rd,,,5/3,2609,Vacant-Unrented,Yes,16,1995,2150,,2025-01-06,2026-05-14,2026-05-28,,,0,2150,2026-05-29,2026-05-24,542,"Shah, Akhil",Jeel Hemrajani: jeel@vprealtyservices.com: 903-776-4548 (#7)
1795,No,No,"201 Ardsley Lane Princeton, TX 75407","201 Ardsley Lane Princeton, TX 75407",,No,,"201 Ardsley Lane Princeton, TX 75407",201 Ardsley Lane,,Princeton,TX,75407,201 Ardsley Lane,,,3/2.00,1442,Vacant-Unrented,Yes,13,1921,1795,,2024-08-01,2026-05-31,2026-06-10,,,0,1795,2026-06-10,2026-06-10,1697,1465,Anjali Sangtani: anjali@vprealtyservices.com: 972-591-8075
1795,No,No,"2016 Highland Dr Wylie TX - 2016 Highland Dr Wylie, TX 75098",2016 Highland Dr Wylie TX,Community Pool,No,,"2016 Highland Dr Wylie, TX 75098",2016 Highland Dr,,Wylie,TX,75098,2016 Highland Dr Wylie TX,,,3/2.00,2110,Vacant-Unrented,No,225,2350,1795,,2018-08-26,2025-10-31,2025-11-10,,"Beautiful 3 beds, 2 baths, 1 dining, 1 living room. BRAND NEW CARPETS. Extremely clean and well maintained. Game room (between the 2nd and 3rd room) could be used as a study or another bed. Gourmet kitchen with island opens to family room. Off the breakfast area is an attractive screened sunroom equipped with ceiling fan! Community swimming pools. Garage door opener entry pad. New carpets and roof with spray-on radiant barrier! Newer gas water heater!",0,1795,2025-11-10,2025-11-10,5,59,Anjali Sangtani: anjali@vprealtyservices.com: 972-591-8075
1795,No,No,"2021 Meadow Park Dr - 2021 Meadow Park Dr Princeton, TX 75407",2021 Meadow Park Dr,,No,,"2021 Meadow Park Dr Princeton, TX 75407",2021 Meadow Park Dr,,Princeton,TX,75407,2021 Meadow Park Dr,,,4/2.00,1721,Notice-Unrented,No,,1695,1795,,2024-11-01,2026-06-24,2026-06-30,,,0,1795,2026-06-10,2026-07-04,1374,1142,Anjali Sangtani: anjali@vprealtyservices.com: 972-591-8075
1850,No,No,"2028 Uvalde Dr Forney, TX 75126   (City and HOA Reg must) - 2028 Uvalde Dr Forney, TX 75126","2028 Uvalde Dr Forney, TX 75126   (City and HOA Reg must)",,No,,"2028 Uvalde Dr Forney, TX 75126",2028 Uvalde Dr,,Forney,TX,75126,"2028 Uvalde Dr Forney, TX 75126   (City and HOA Reg must)",,,3/2.00,1703,Vacant-Unrented,No,317,2100,1850,,2021-05-01,2025-07-31,2025-08-10,,"Go and show, No Appointment needed. Vacant house. The code is PLAN,
You can call 817-874-3536 or 214-493-2948 if you can't find the key.

Newly updated home with fresh paint and granite in Travis Ranch. Open floor plan with spacious kitchen, master retreat, walk-in closets and large fenced in backyard with covered patio. Community features include greenbelts, playgrounds, pool and much more! Forney ISD. Conveniently located near HWY 80 and Lake Ray Hubbard.
- Home is available from April 14th
- Pets are welcome ($450 refundable per pet).
- HOA is paid by owners.
- Tenant needs to bring Washer-Dryer-Refrigerator.
- $55 per adult application fee.
- Apply at vprealtyservices.com

If you don't see home on VP Realty website then it means it is leased.
Text 214 597 0294 or leave VM for a live agent

This is the link for the application process:
https://tinyurl.com/y3a97pmc  
",0,1850,2025-08-10,2025-08-10,396,570,Anjali Sangtani: anjali@vprealtyservices.com: 972-591-8075
2195,No,No,"205 Adelina Drive Little Elm, TX 75068 (City and HOA Reg Must) - 205 Adelina Drive Little Elm, TX 75068","205 Adelina Drive Little Elm, TX 75068 (City and HOA Reg Must)",,No,,"205 Adelina Drive Little Elm, TX 75068",205 Adelina Drive,,Little Elm,TX,75068,"205 Adelina Drive Little Elm, TX 75068 (City and HOA Reg Must)",,,4/2.50,1880,Vacant-Unrented,Yes,14,2195,2195,,2025-04-15,2026-05-30,2026-06-09,,"Anjali, anjali@vprealtyservices.com, 972-591-8075
https://www.vprealtyservices.com/listings/detail/50e2f894-1043-4d96-83e0-d4da7cd46315",0,2195,2026-04-16,2026-06-09,1863,1629,Anjali Sangtani: anjali@vprealtyservices.com: 972-591-8075
2345,No,No,"2059 LA SALLE TRL Grand Prairie, TX 75052","2059 LA SALLE TRL Grand Prairie, TX 75052",,No,,"2059 LA SALLE TRL Grand Prairie, TX 75052",2059 LA SALLE TRL,,Grand Prairie,TX,75052,2059 LA SALLE TRL,,,3/2.00,2002,Vacant-Unrented,No,45,2345,2345,,2025-05-10,2026-04-29,2026-05-09,,"Go and see, the home is vacant. Please keep the key from where it has been taken to see the house. If you have an agent you can schedule the appointment with Broker Bay (800 257-1242). Trespassing is a crime and you are under surveillance. Any mischief will result in reporting to higherÂ authorities.
",0,2345,2026-05-09,2026-05-09,1869,1635,Anjali Sangtani: anjali@vprealtyservices.com: 972-591-8075
1995,Yes,Yes,"208 Alice spring (City and HOA Reg must) - 208 Alice spring Caddo Mills, TX 75135",208 Alice spring (City and HOA Reg must),,No,,"208 Alice spring Caddo Mills, TX 75135",208 Alice spring,,Caddo Mills,TX,75135,208 Alice spring (City and HOA Reg must),,,4/3,2118,Notice-Unrented,Yes,9,2095,1995,,2025-06-01,2026-06-30,2026-07-10,,,0,1995,2026-06-05,2026-07-10,1883,"Gajulapalle, Bhanu chander",Anjali Sangtani: anjali@vprealtyservices.com: 972-591-8075 (#11)
1995,Yes,Yes,"2117 Croton Avenue Royse City, TX 75189","2117 Croton Avenue Royse City, TX 75189",,No,,"2117 Croton Avenue Royse City, TX 75189",2117 Croton Avenue,,Royse City,TX,75189,2117 Croton Avenue,,,4/2,1706,Notice-Unrented,Yes,13,2395,1995,,2023-10-01,2026-07-10,2026-07-17,,,0,1995,2026-06-01,2026-07-20,1568,"Muthusamy, Marimuthu",Husna  Siddiqui: husna@vprealtyservices.com: 903-751-5965 (#5)
1795,Yes,Yes,"2134 Donker Drive - 2134 Donker Drive Royse City, TX 75189",2134 Donker Drive,,Yes,,"2134 Donker Drive Royse City, TX 75189",2134 Donker Drive,,Royse City,TX,75189,2134 Donker Drive,,,4/2,1838,Vacant-Unrented,Yes,46,2045,1795,,2024-03-20,2026-05-31,2026-06-06,,,0,1795,2026-04-29,2026-06-10,1625,"Kamalakshya, Tiknadhi",Niharika Arroju: niharika@vprealtyservices.com:  (#1)
1850,Yes,Yes,"2151 Lost timber dr(No Maintenance) - 2151 Lost Timber Dr Conroe, TX 77304",2151 Lost timber dr(No Maintenance),,No,,"2151 Lost Timber Dr Conroe, TX 77304",2151 Lost Timber Dr,,Conroe,TX,77304,2151 Lost timber dr(No Maintenance),,,3/2,1610,Vacant-Unrented,Yes,11,1850,1850,,2024-09-15,2026-05-31,2026-06-03,,,0,1850,2026-06-03,2026-06-10,505,"Shah, Milan",Uzma Urooj: uzma@vprealtyservices.com: 972-591-8905 (#8)
1945,No,No,"221 Longhorn Pass (City and HOA Reg must) - 221 Longhorn Pass Caddo Mills, TX 75135",221 Longhorn Pass (City and HOA Reg must),,No,,"221 Longhorn Pass Caddo Mills, TX 75135",221 Longhorn Pass,,Caddo Mills,TX,75135,221 Longhorn Pass (City and HOA Reg must),,,4/2.00,2014,Vacant-Unrented,No,33,1945,1945,,2024-10-20,2026-05-11,2026-05-21,,,0,1945,2026-05-21,2026-05-21,1764,1531,Anjali Sangtani: anjali@vprealtyservices.com: 972-591-8075
1995,Yes,Yes,"2220 Pommel Lane Aubrey, TX 76227","2220 Pommel Lane Aubrey, TX 76227",,No,,"2220 Pommel Lane Aubrey, TX 76227",2220 Pommel Lane,,Aubrey,TX,76227,2220 Pommel Lane,,,4/2,2062,Vacant-Rented,Yes,21,,1995,,,,2026-05-24,2026-07-01,,0,1995,2026-05-24,,2064,Venkat Tekkalur,Heena Patel: heena@vprealtyservices.com: 972-591-8102 (#2)
2195,No,No,"2315 Leona Street Forney, TX 75126","2315 Leona Street Forney, TX 75126",,No,,"2315 Leona Street Forney, TX 75126",2315 Leona Street,,Forney,TX,75126,2315 Leona Street,,,4/2.00,1944,Vacant-Unrented,No,620,2195,2195,,2024-06-05,2024-10-01,2024-10-11,,"Currently occupied with the tenant (Brenda Morais - (214) 207-0552). Please call or text our current residents to schedule a showing. They will allow scheduling a showing. If they don't allow then it will be available for showing only after the tenant moves or you can reach out to Sana at (972) 591-8587 or E-mail Sana@vprealtyservices.com.  If you have an agent, use Broker Bay (800 257-1242) for the showing.

This home is everything you could want for your family. Centrally located allows access to HWY 20 or HWY 80. You are close to everything in this beautifully landscaped 4-bedroom, 2-bathroom home. Located in the desirable Vintage Meadows community, the home features an open floor plan and, a spacious backyard. The community amenities include a pool, pond, and walking or jogging trail.

- The home will be available on May 1st, 2024
- Homeowners' Association (HOA) fees are covered by the owners
- Tenants Need to bring Washer-Dryer-Refrigerator 
- No housing vouchers or Section 8
- Application fee of $65 per adult
- Apply online at vprealtyservices.com (No TAR applications)
- Please mention your broker's name and number in the online application if applicable

(PET POLICY):
- Pets are welcome. The pet deposit is $600 for each pet, and it is refundable.

(REQUIREMENT):
- The Credit requirement is on a case-by-case basis. If the credit scores are lower then more deposits may be needed
- Rental history, income, background, and credit history will be verified
- Monthly income must be at least 3 times the monthly rent.

(DEPOSIT):
- The deposit is a minimum of one month's rent, subject to case-by-case evaluation and credit assessment.
- Qualification in the slides below

Please note: If the home is not listed on the VP Realty website, it means it has been leased.
For further inquiries or to schedule a viewing, please text 214-597-0294 or leave a voicemail for a live agent.

Questions for this home:
Call Sana Saiyed: +1 (972) 591-8587 or Email: sana@vprealtyservices.com
Leasing Number: +1 (214) 597-0294

To begin the application process and review the qualification criteria, please visit the following link:
https://tinyurl.com/ycksezpk

Don't miss out on this incredible opportunity to secure this beautiful new home. Apply now and make it yours!",0,2195,2024-10-11,2024-10-11,1549,1317,Anjali Sangtani: anjali@vprealtyservices.com: 972-591-8075
2550,No,No,"2336 Boatman Dr Little Elm, TX 75068 (City and HOA Reg Must) - 2336 Boatman Dr Little Elm, TX 75068","2336 Boatman Dr Little Elm, TX 75068 (City and HOA Reg Must)",,No,,"2336 Boatman Dr Little Elm, TX 75068",2336 Boatman Dr,,Little Elm,TX,75068,"2336 Boatman Dr Little Elm, TX 75068 (City and HOA Reg Must)",,,3/2.00,2121,Notice-Rented,Yes,,2795,2550,2550,2023-12-15,2026-06-29,,2026-07-01,,0,2550,2026-05-15,2026-07-09,1591,1359,Anjali Sangtani: anjali@vprealtyservices.com: 972-591-8075
2150,No,No,"234 Silvercreek Dr - 234 Silvercreek Dr, Wylie, TX 75098",234 Silvercreek Dr,"Jogging Path/Bike Path, Park, tennis court",Yes,,"234 Silvercreek Dr, Wylie, TX 75098","234 Silvercreek Dr,",,Wylie,TX,75098,234 Silvercreek Dr,,,3/2.00,1701,Vacant-Unrented,No,44,2375,2150,,2022-11-01,2026-04-30,2026-05-10,,"Please text at this number (214) 597-0294 to schedule a showing.

Don't miss your chance on this beautifully crafted corner home in a quiet Wylie neighborhood! The interior features a normal dining area, a large living room, high ceilings, and a fireplace.

The large master bedroom is perfect for couples with dual sinks and a sizable walk-in closet. But don't overlook spacious spare bedrooms or the newly fenced back yard and the expansive patio. Eat in the open kitchen and talk a short walk to the nearby community park. With desirable schools nearby, shopping complexes, and highways, the opportunities here are endless! 

- Home is available immediately.
- Pets are welcome ($500 refundable per pet)
- HOA is paid by owners.
- No housing vouchers, no section 8
- Longer lease is preferred
- $55 per adult application fee.
- At move in, tenant pays one-time admin fee of $150
- Apply at vprealtyservices.com
- Application has to be online only at VP Realty, No Tar applications
- Mention your broker name and number in online application if applicable

If you don't see home on VP Realty website then it means it is leased.
Text 214 597 0294 or leave VM for a live agent

This is the link for the application process and qualification criteria
https://tinyurl.com/ycksezpk
",0,2150,2026-05-10,2026-05-10,1353,1121,Anjali Sangtani: anjali@vprealtyservices.com: 972-591-8075
3150,No,No,"2404 Heather Glen Drive Plano, TX 75025","2404 Heather Glen Drive Plano, TX 75025",,Yes,,"2404 Heather Glen Drive Plano, TX 75025",2404 Heather Glen Drive,,Plano,TX,75025,2404 Heather Glen Drive,,,4/2.50,3016,Vacant-Rented,Yes,1,2950,3150,3150,2025-10-02,2026-06-12,,2026-06-20,,0,3150,2026-05-16,2026-06-22,1945,1711,Anjali Sangtani: anjali@vprealtyservices.com: 972-591-8075
2495,Yes,Yes,"2425 Ravenhurst Drive Plano, TX 75025-4751","2425 Ravenhurst Drive Plano, TX 75025-4751",,No,,"2425 Ravenhurst Drive Plano, TX 75025-4751",2425 Ravenhurst Drive,,Plano,TX,75025-4751,2425 Ravenhurst Drive,,,3/2,2073,Notice-Rented,No,11,2700,2495,,2024-06-25,2026-06-30,2026-07-06,2026-07-18,,0,2495,2026-06-03,2026-07-10,301,"Bhatia (VS approval required), Imreet",Viswa Reddy: viswa@vprealtyservices.com: 972-591-1006 (#1)
2695,Yes,Yes,"2448 Loch Haven Frisco, TX 75034   (HOA Reg Must) - 2448 Loch Haven Frisco, TX 75036","2448 Loch Haven Frisco, TX 75034   (HOA Reg Must)",,No,,"2448 Loch Haven Frisco, TX 75036",2448 Loch Haven,,Frisco,TX,75036,"2448 Loch Haven Frisco, TX 75034   (HOA Reg Must)",,,3/2,2370,Notice-Unrented,Yes,20,2795,2695,,1970-01-01,2026-06-30,2026-07-05,,,0,2695,2026-05-25,2026-07-10,30,Yatrik Munshi,Jay Rupareliya: jay_r@vprealtyservices.com: 903-213-5286 (#2)
1995,Yes,Yes,"2544 Saldana Drive Fate, TX 75189","2544 Saldana Drive Fate, TX 75189",,Yes,,"2544 Saldana Drive Fate, TX 75189",2544 Saldana Drive,,Fate,TX,75189,2544 Saldana Drive,(Limited Maintenance) Ask owner before addressing issue.,,4/2,1923,Vacant-Rented,No,64,1695,1995,,2025-01-04,2026-04-01,2026-04-11,2026-06-20,,0,1995,2026-04-11,2026-04-11,1782,"Palanivelu, Krishnaveni",Jeel Hemrajani: jeel@vprealtyservices.com: 903-776-4548 (#7)
3750,Yes,Yes,"263 Timber Creek Lane Frisco, TX 75033","263 Timber Creek Lane Frisco, TX 75033",,Yes,,"263 Timber Creek Lane Frisco, TX 75033",263 Timber Creek Lane,,Frisco,TX,75033,263 Timber Creek Lane,,,5/4,4000,Vacant-Unrented,Yes,59,3745,3750,,2024-06-01,2026-05-31,2026-06-07,,,0,3750,2026-04-16,2026-06-10,1672,"Reddy, Mahipal",Nishant Nanani: nishant@vprealtyservices.com: 903-213-3818 (#6)
3495,Yes,Yes,"2722 Eastridge Boulevard, Princeton, Texas 75407 - 2722 Eastridge Boulevard, Princeton, Texas 75407 Princeton, TX 75407","2722 Eastridge Boulevard, Princeton, Texas 75407",,Yes,,"2722 Eastridge Boulevard, Princeton, Texas 75407 Princeton, TX 75407","2722 Eastridge Boulevard, Princeton, Texas 75407",,Princeton,TX,75407,"2722 Eastridge Boulevard, Princeton, Texas 75407",,,5/3,2785,Vacant-Unrented,Yes,55,,3495,,,,2026-04-20,,,0,3495,2026-04-20,,2054,"Hemal Doshi, Nia Doshi,",Sana Saiyed: sana@vprealtyservices.com: 903-225-9627 (#5)
,No,No,"2728 Gooseberry Drive Plano, TX 75074","2728 Gooseberry Drive Plano, TX 75074",,No,,"2728 Gooseberry Drive Plano, TX 75074",2728 Gooseberry Drive,,Plano,TX,75074,2728 Gooseberry Drive,,,,,Vacant-Unrented,No,253,2700,,,2024-11-01,2025-10-03,2025-10-13,,,0,,2025-10-13,2025-10-13,1769,1536,Anjali Sangtani: anjali@vprealtyservices.com: 972-591-8075
2395,No,No,"2821 Briargrove McKinney, TX 75071   (City and HOA Reg must) - 2821 Briargrove McKinney, TX 75071","2821 Briargrove McKinney, TX 75071   (City and HOA Reg must)",,No,,"2821 Briargrove McKinney, TX 75071",2821 Briargrove,,McKinney,TX,75071,"2821 Briargrove McKinney, TX 75071   (City and HOA Reg must)",,,4/2.50,2354,Vacant-Unrented,Yes,13,2395,2395,,2024-06-10,2026-05-31,2026-06-10,,"The house is currently occupied with tenants. Home is available from 5th June,2026. If you have an agent you can schedule the appointment with Broker Bay (800 257-1242). Trespassing is a crime and you are under surveillance. Any mischief will result in reporting to higher authorities. For any further queries call or text at (jay_r@vprealtyservices.com) ; +1 (903)213-5286

This stunning home in highly sought-after McKinney offers the perfect blend of modern upgrades and timeless charm. Recently refreshed with fresh interior paint and new carpeting, the home exudes a crisp, move-in-ready appeal. The beautifully upgraded gourmet kitchen is a true centerpiece, featuring elegant granite countertops, a stylish stone backsplash, and sleek stainless steel appliancesâideal for both everyday living and entertaining. Step outside to an expansive backyard retreat, complete with a charming arbor-covered wood patio and a recently replaced fence, creating a private and inviting space for relaxation or gatherings. Additional recent upgrades include a Nest thermostat, a new water heater, a smart garage door opener, a recently replaced roof, and full gutter installationâoffering both comfort and peace of mind. Perfectly situated with convenient access to Hwy 380 and US 75, this home provides seamless connectivity to the entire Metroplex, making it an exceptional choice for both lifestyle and location.

Checkout our other available Properties at tinyurl.com/vpleaseav

Apply at Zillow.com or at VP Realty website. The application fee is $65 per applicant. 
-Upload the Photo Id, Proof of income, and Bank statements. 
-Kindly Email at Viren.Shah@VPRealtyServices.com .

-The house is available from 5th June,2026.
-Homeowners' Association (HOA) fees are covered by the owners. 
-Tenants Need to bring Washer-Dryer-Refrigerator. 
-No housing vouchers or Section 8. 
-Apply online at vprealtyservices.com (No TAR applications). 
-Kindly, mention your broker's name and contact number in the online application if applicable.

(PET POLICY)
-Pets are welcome. The pet deposit is $600 for each pet, and it is refundable.

(REQUIREMENT)
-The Credit requirement is on a case-by-case basis. If the credit scores are lower then more deposits may be needed. 
-Rental history, income, background, and credit history will be verified. 
-Monthly income must be at least 3 times the monthly rent. 

(DEPOSIT)
-The deposit is a minimum of one month's rent, subject to case-by-case evaluation and credit assessment.

Please note: If the home is not listed on the VP Realty website, it means it has been leased.
For further inquiries or to schedule a viewing, please text 214-597-0294 or leave a voicemail for a live agent.
To begin the application process and review the qualification criteria, please visit the following link:
https://tinyurl.com/ycksezpk
Don't miss out on this incredible opportunity to secure this beautiful new home. Apply now and make it yours!",0,2395,2026-04-20,2026-06-10,180,203,Anjali Sangtani: anjali@vprealtyservices.com: 972-591-8075
2150,No,No,"2825 Dawn Spring Little Elm, TX 75068  (City and HOA Reg Must) - 2825 Dawn Spring Little Elm, TX 75068","2825 Dawn Spring Little Elm, TX 75068  (City and HOA Reg Must)",,No,,"2825 Dawn Spring Little Elm, TX 75068",2825 Dawn Spring,,Little Elm,TX,75068,"2825 Dawn Spring Little Elm, TX 75068  (City and HOA Reg Must)",,,4/2.00,1980,Vacant-Rented,Yes,13,2295,2150,2150,2024-06-06,2026-05-31,,2026-06-25,,0,2150,2026-04-25,2026-06-10,400,574,Anjali Sangtani: anjali@vprealtyservices.com: 972-591-8075
2150,No,No,"2853 Mesquite Road Fort Worth, TX 76111","2853 Mesquite Road Fort Worth, TX 76111",,No,,"2853 Mesquite Road Fort Worth, TX 76111",2853 Mesquite Road,,Fort Worth,TX,76111,2853 Mesquite Road,,,4/2.00,1659,Vacant-Unrented,Yes,246,2135,2150,,2021-11-01,2025-10-10,2025-10-13,,,0,2150,2025-10-20,2025-10-20,496,812,Anjali Sangtani: anjali@vprealtyservices.com: 972-591-8075
3195,Yes,Yes,"2905 Preston Lane Wylie, TX 75098","2905 Preston Lane Wylie, TX 75098",,No,,"2905 Preston Lane Wylie, TX 75098",2905 Preston Lane,,Wylie,TX,75098,2905 Preston Lane,,,5/3.50,3300,Vacant-Unrented,Yes,4,2725,3195,,2024-12-01,2026-05-31,2026-06-08,,,0,3195,2026-06-10,2026-06-10,1783,"Verma, Hitendra",Uzma Urooj: uzma@vprealtyservices.com: 972-591-8905 (#8)
2750,No,No,"2912 Lake Terrace - 2912 Lake Terrace Wylie, TX 75098",2912 Lake Terrace,,No,,"2912 Lake Terrace Wylie, TX 75098",2912 Lake Terrace,,Wylie,TX,75098,2912 Lake Terrace,,,5/3.00,3611,Notice-Rented,No,,2778.5,2750,,2023-09-01,2026-06-29,2026-07-06,2026-07-15,,0,2750,2026-06-02,2026-07-09,113,85,Anjali Sangtani: anjali@vprealtyservices.com: 972-591-8075
1895,Yes,Yes,"2912 Wooten Trl Royse City, TX 75189","2912 Wooten Trl Royse City, TX 75189",,No,,"2912 Wooten Trl Royse City, TX 75189",2912 Wooten Trl,,Royse City,TX,75189,2912 Wooten Trl,,,4/3,2092,Vacant-Unrented,Yes,60,2195,1895,,2024-04-20,2026-05-31,2026-06-10,,"

",0,1895,2026-04-15,2026-06-10,1659,"Veera, Kunal",Anjali Sangtani: anjali@vprealtyservices.com: 972-591-8075 (#11)
1795,Yes,No,"3000 Buttonbush - 3000 Buttonbush Drive Royse City, TX 75189",3000 Buttonbush,,Yes,,"3000 Buttonbush Drive Royse City, TX 75189",3000 Buttonbush Drive,,Royse City,TX,75189,3000 Buttonbush,,,4/2,1892,Vacant-Rented,Yes,52,1995,1795,,2024-04-13,2026-05-31,2026-06-10,2026-06-22,,0,1795,2026-04-23,2026-06-10,1592,"Vangala, Srinivas",Mounika Toodi: mounika@vprealtyservices.com: 903-776-4492 (#5)
1299,No,No,"305 Casie Ct Denton, TX 76207","305 Casie Ct Denton, TX 76207",,Yes,,"305 Casie Ct Denton, TX 76207",305 Casie Ct,,Denton,TX,76207,305 Casie Ct,,,3/2.00,1007,Vacant-Rented,Yes,67,1595,1299,,2025-12-01,2026-04-07,2026-04-20,2026-06-15,,0,1299,2026-04-20,2026-04-17,1994,1760,Anjali Sangtani: anjali@vprealtyservices.com: 972-591-8075
2395,No,No,"310 Overland - 310 Overland Garland, TX 75040-3434",310 Overland,,No,,"310 Overland Garland, TX 75040-3434",310 Overland,,Garland,TX,75040-3434,310 Overland,,,4/2.00,1960,Vacant-Unrented,No,132,2751,2395,,2023-07-22,2026-02-01,2026-02-11,,,0,2395,2026-02-11,2026-02-11,152,95,Anjali Sangtani: anjali@vprealtyservices.com: 972-591-8075
2295,Yes,No,"3109 Leatherwood Lane Royse City, TX 75189","3109 Leatherwood Lane Royse City, TX 75189",,Yes,,"3109 Leatherwood Lane Royse City, TX 75189",3109 Leatherwood Lane,,Royse City,TX,75189,3109 Leatherwood Lane,,,4/2,1800,Vacant-Unrented,Yes,25,2295,2295,,2024-07-10,2026-05-31,2026-06-10,,,0,2295,2026-05-20,2026-06-10,1712,"Jayaraman, Thiruma",Mounika Toodi: mounika@vprealtyservices.com: 903-776-4492 (#5)
2295,No,No,"3110 Longbow Drive Garland, TX 75044","3110 Longbow Drive Garland, TX 75044",,Yes,,"3110 Longbow Drive Garland, TX 75044",3110 Longbow Drive,,Garland,TX,75044,3110 Longbow Drive,,,3/2.00,2105,Vacant-Unrented,No,3,2410,2295,,2024-06-15,2026-06-10,2026-06-20,,,0,2295,2026-06-20,2026-06-20,1698,1466,Anjali Sangtani: anjali@vprealtyservices.com: 972-591-8075
3395,Yes,Yes,"312 Santa Lucia (Lease only) - 312 Santa Lucia Anna, TX 75409",312 Santa Lucia (Lease only),,Yes,,"312 Santa Lucia Anna, TX 75409",312 Santa Lucia,,Anna,TX,75409,312 Santa Lucia (Lease only),,,5/4.50,3719,Vacant-Unrented,No,73,2595,3395,,2024-11-15,2024-11-19,2026-05-15,,"Mounika, mounika@vprealtyservices.com or (903) 776-4492â¬
https://www.vprealtyservices.com/listings/detail/3848ec4a-898b-42c7-9263-d1c73fb01454",0,3395,2026-04-02,2024-11-29,1609,"Sanap, Prashant",Mounika Toodi: mounika@vprealtyservices.com: 903-776-4492 (#5)
1795,No,No,"313 Magnolia Drive Fate, TX 75087","313 Magnolia Drive Fate, TX 75087",,Yes,,"313 Magnolia Drive Fate, TX 75087",313 Magnolia Drive,,Fate,TX,75087,313 Magnolia Drive,,,3/2.00,1914,Vacant-Unrented,No,13,1895,1795,,2024-05-18,2026-05-31,2026-06-07,,"Anjali Sangtani, anjali@vprealtyservices.com, 972-591-8075
https://www.vprealtyservices.com/listings/detail/1ff7c4cc-718b-41bd-95a7-b1b5eb6bf310
",0,1795,2026-04-17,2026-06-10,441,757,Anjali Sangtani: anjali@vprealtyservices.com: 972-591-8075
1695,No,No,"3135 Maple Avenue Greenville, TX 75402 - 3135 Maple Avenue Greenville, TX 75402 Greenville, 75402","3135 Maple Avenue Greenville, TX 75402",Water / Sewer and Trash pick up included,No,,"3135 Maple Avenue Greenville, TX 75402 Greenville, 75402","3135 Maple Avenue Greenville, TX 75402",,Greenville,,75402,"3135 Maple Avenue Greenville, TX 75402",,,3/2.00,1542,Vacant-Unrented,Yes,0,,1695,,,,2026-04-03,,,0,1695,2026-04-03,,2047,1812,Anjali Sangtani: anjali@vprealtyservices.com: 972-591-8075
1795,No,No,"3202 Holly Stokes Way - 3202 Holly Stokes Way Conroe, TX 77301",3202 Holly Stokes Way,,No,,"3202 Holly Stokes Way Conroe, TX 77301",3202 Holly Stokes Way,,Conroe,TX,77301,3202 Holly Stokes Way,,,4/2.50,2229,Vacant-Unrented,Yes,13,1799,1795,,2024-01-01,2026-05-31,2026-06-05,,"Uzma, uzma@vprealtyservices.com, (972) 591-8905â¬
https://www.vprealtyservices.com/listings/detail/b3b967e5-b54b-4708-bc6e-7b2e0a061732",0,1795,2026-05-11,2026-06-10,1611,1379,Anjali Sangtani: anjali@vprealtyservices.com: 972-591-8075
1695,No,No,"3225 Turtle Creek Boulevard Unit#1533 Dallas, TX 75219","3225 Turtle Creek Boulevard Unit#1533 Dallas, TX 75219",,No,,"3225 Turtle Creek Boulevard Unit#1533 Dallas, TX 75219",3225 Turtle Creek Boulevard Unit#1533,,Dallas,TX,75219,3225 Turtle Creek Boulevard Unit#1533,,,1/1.00,831,Vacant-Unrented,Yes,13,1795,1695,,2025-05-26,2026-05-31,2026-06-05,,"Uzma, uzma@vprealtyservices.com, (972) 591-8905â¬
https://www.vprealtyservices.com/listings/detail/a997063f-a4bf-4119-9ffb-fde37017160a",0,1695,2026-05-04,2026-06-10,1838,1604,Anjali Sangtani: anjali@vprealtyservices.com: 972-591-8075
3500,No,No,"3264 Heatherbrook Lane Richardson, TX 75082","3264 Heatherbrook Lane Richardson, TX 75082",,No,,"3264 Heatherbrook Lane Richardson, TX 75082",3264 Heatherbrook Lane,,Richardson,TX,75082,3264 Heatherbrook Lane,,,4/4.00,3635,Vacant-Unrented,No,1444,3500,3500,,2021-07-01,2022-06-30,2022-07-10,,"Rent :$ 3500 per month

Currently occupied with the tenant Peter J. Ductram  (305) 726-1877, Please call or text our current residents to schedule a showing. They will allow scheduling a showing. If they don't allow then it will be available for showing only after the tenant moves.

Beautifully updated smart home include Vaulted Ceilings with gorgeous detailing. Breathtaking windows that allow TONS of natural light in. Smart home features include Lennox Thermostat with app controls for new, Ring Doorbell with camera, Amazon Alexa controlled lighting throughout, smart security cameras and more! Luxurious carpet and pristine hardwoods are throughout. Bathrooms with Carrara Marble countertops! Wood cabinets, and SS Appliances. 

- Home is available From 07/01/2022
- Pets are welcome ($500 refundable per pet)
- HOA is paid by owners.
- Needs to bring Washer-Dryer-Refrigerator.
- No housing vouchers, no section 8
- Longer lease is preferred
- $55 per adult application fee.
- Apply at vprealtyservices.com
- Application has to be online only at VP Realty, No Tar applications
- Mention your broker name and number in online application if applicable

If you don't see home on VP Realty website then it means it is leased.
Text 214 597 0294 or leave VM for a live agent

This is the link for the application process and qualification criteria
https://tinyurl.com/y3a97pmc",0,3500,2022-07-10,2022-07-10,427,744,Anjali Sangtani: anjali@vprealtyservices.com: 972-591-8075
2595,Yes,Yes,"3301 Darion  (Service fee) - 3301 Darion Ln Plano, TX 75093",3301 Darion  (Service fee),,No,,"3301 Darion Ln Plano, TX 75093",3301 Darion Ln,,Plano,TX,75093,3301 Darion  (Service fee),,,4/2.50,2205,Notice-Unrented,Yes,28,2500,2595,,2024-08-04,2026-06-30,2026-07-05,,"Uzma, uzma@vprealtyservices.com, (972) 591-8905â¬
https://www.vprealtyservices.com/listings/detail/dab532ed-0ff0-4ca5-9194-a87317b692b5",0,2595,2026-05-17,2026-07-10,15,"Sri Sai Investments LLC (Rajesh Cheruku, Mahesh Cheruku) (VS approval)",Uzma Urooj: uzma@vprealtyservices.com: 972-591-8905 (#8)
2295,No,No,"3317 Riverlawn Drive Anna, TX 75409 (City Reg Must) - 3317 Riverlawn Drive Anna, TX 75409","3317 Riverlawn Drive Anna, TX 75409 (City Reg Must)",,Yes,,"3317 Riverlawn Drive Anna, TX 75409",3317 Riverlawn Drive,,Anna,TX,75409,"3317 Riverlawn Drive Anna, TX 75409 (City Reg Must)",,,4/2.00,2052,Vacant-Unrented,No,378,2195,2295,,2024-04-22,2025-05-31,2025-06-10,,,0,2295,2025-06-10,2025-06-10,1663,1431,Anjali Sangtani: anjali@vprealtyservices.com: 972-591-8075
2445,No,No,"333 Crosscreek Dr.  (No maintenance ) Wylie, TX 75098","333 Crosscreek Dr.  (No maintenance ) Wylie, TX 75098",,Yes,,"333 Crosscreek Dr.  (No maintenance ) Wylie, TX 75098",333 Crosscreek Dr.  (No maintenance ),,Wylie,TX,75098,333 Crosscreek Dr.  (No maintenance ),,,4/2.50,2789,Vacant-Unrented,No,493,2495,2445,,2024-03-15,2025-02-05,2025-02-15,,,0,2445,2025-04-08,2025-02-15,1608,1376,Anjali Sangtani: anjali@vprealtyservices.com: 972-591-8075
4540,No,No,"3455 Hollow Pine Dr(Owner Approval Must) Frisco, TX 75033","3455 Hollow Pine Dr(Owner Approval Must) Frisco, TX 75033",,No,,"3455 Hollow Pine Dr(Owner Approval Must) Frisco, TX 75033",3455 Hollow Pine Dr(Owner Approval Must),,Frisco,TX,75033,3455 Hollow Pine Dr(Owner Approval Must),,,4/3.50,,Vacant-Unrented,Yes,13,4540,4540,,2025-08-01,2026-05-31,2026-06-10,,,0,4540,2026-06-10,2026-06-10,1910,1676,Anjali Sangtani: anjali@vprealtyservices.com: 972-591-8075
3995,No,No,"3525 Berkwood Pl, Frisco, TX 75034 (HOA reg must) - 3525 Berkwood Pl Frisco, TX 75034","3525 Berkwood Pl, Frisco, TX 75034 (HOA reg must)",,Yes,,"3525 Berkwood Pl Frisco, TX 75034",3525 Berkwood Pl,,Frisco,TX,75034,"3525 Berkwood Pl, Frisco, TX 75034 (HOA reg must)",,,5/4.00,4322,Vacant-Unrented,No,494,3795,3995,,2024-04-15,2025-02-04,2025-02-14,,"Please visit the house, The home is Vacant. The code is 6788. To schedule a showing please send msg or drop a voicemail on 214-597-0294. or you can reach out to Mital at: 903-213-2110 or email at mital@vprealtyservices.com. Please keep the key back at the place from where it has been taken to see the house. If you have an agent, use Broker Bay (800 257-1242) for the showing.

Stunning north-facing floor plan with abundant daylight, high ceilings, and a gorgeous curved staircase. 5 bedrooms, 4 baths, a study, and a media room. 2 bedrooms down with a separate formal living room. The kitchen has a double oven and a gas cooktop. 3 minutes away from Dallas Tollway, Frisco Square, and Toyota Stadium. Refrigerator included.

- The home is available immediately 
- Homeowners' Association (HOA) fees are covered by the owners
- Tenants Need to bring Washer and Dryer.
- No housing vouchers or Section 8
- Application fee of $65 per adult
- Apply online at vprealtyservices.com (No TAR applications)
- Please mention your broker's name and number in the online application if applicable

(PET POLICY):
- Pets are welcome. The pet deposit is $600 for each pet, and it is non-refundable.

(REQUIREMENT):
- The Credit requirement is on a case-by-case basis. If the credit scores are lower then more deposits may be needed
- Rental history, income, background, and credit history will be verified
- Monthly income must be at least 3 times the monthly rent.

(DEPOSIT):
- The deposit is a minimum of one month's rent, subject to case-by-case evaluation and credit assessment.
- Qualification in the slides below

Please note: If the home is not listed on the VP Realty website, it means it has been leased.
For further inquiries or to schedule a viewing, please text 214-597-0294 or leave a voicemail for a live agent.

To begin the application process and review the qualification criteria, please visit the following link:
https://tinyurl.com/ycksezpk

Don't miss out on this incredible opportunity to secure this beautiful new home. Apply now and make it yours!",0,3995,2025-02-14,2025-02-14,1629,1397,Anjali Sangtani: anjali@vprealtyservices.com: 972-591-8075
2495,Yes,Yes,"3527 Chestnut Oak Drive (Builder warranty active) Dallas, TX 75253","3527 Chestnut Oak Drive (Builder warranty active) Dallas, TX 75253",,No,,"3527 Chestnut Oak Drive (Builder warranty active) Dallas, TX 75253",3527 Chestnut Oak Drive (Builder warranty active),,Dallas,TX,75253,3527 Chestnut Oak Drive (Builder warranty active),,,5/3,2180,Vacant-Unrented,Yes,4,2409.75,2495,,2024-08-15,2026-05-31,2026-06-10,,"3527 Chestnut Oak Drive Dallas, TX 75253",0,2495,2026-06-10,2026-06-10,1741,"AYONIJA (Karuna, Abraham)",Uzma Urooj: uzma@vprealtyservices.com: 972-591-8905 (#8)
3395,No,No,"3603 Barberry Drive ( work with owner on maintenance repair, they have there own vendors) Wylie, TX 75098","3603 Barberry Drive ( work with owner on maintenance repair, they have there own vendors) Wylie, TX 75098",,No,,"3603 Barberry Drive ( work with owner on maintenance repair, they have there own vendors) Wylie, TX 75098","3603 Barberry Drive ( work with owner on maintenance repair, they have there own vendors)",,Wylie,TX,75098,"3603 Barberry Drive ( work with owner on maintenance repair, they have there own vendors)",,,4/3.50,4101,Vacant-Unrented,No,133,3395,3395,,2025-02-15,2026-01-31,2026-02-10,,,0,3395,2026-02-10,2026-02-10,1820,1586,Anjali Sangtani: anjali@vprealtyservices.com: 972-591-8075
2295,No,No,"361 Silver Springs Lane - 361 Silver Springs Lane Lavon, TX 75166",361 Silver Springs Lane,,No,,"361 Silver Springs Lane Lavon, TX 75166",361 Silver Springs Lane,,Lavon,TX,75166,361 Silver Springs Lane,,,4/3.00,2466,Vacant-Unrented,Yes,0,,2295,,,,2025-09-29,,,0,2295,,,1972,1738,Anjali Sangtani: anjali@vprealtyservices.com: 972-591-8075
1795,No,No,"365 Basswood Ln - 365 Basswood Ln Melissa, TX 75454",365 Basswood Ln,,Yes,,"365 Basswood Ln Melissa, TX 75454",365 Basswood Ln,,Melissa,TX,75454,365 Basswood Ln,,,3/2.00,1792,Vacant-Rented,Yes,13,2095,1795,1795,2024-08-10,2026-05-31,,2026-07-01,,0,1795,2026-04-25,2026-06-10,72,104,Anjali Sangtani: anjali@vprealtyservices.com: 972-591-8075
2950,No,No,"3713 Limousine Parkway McKinney, TX 75071  (City and HOA Reg must) - 3713 Limousine Parkway McKinney, TX 75071","3713 Limousine Parkway McKinney, TX 75071  (City and HOA Reg must)",,No,,"3713 Limousine Parkway McKinney, TX 75071",3713 Limousine Parkway,,McKinney,TX,75071,"3713 Limousine Parkway McKinney, TX 75071  (City and HOA Reg must)",,,4/3.00,2987,Vacant-Unrented,No,44,2700,2950,,2024-11-01,2026-04-30,2026-05-10,,,0,2950,2026-05-10,2026-05-10,1771,1538,Anjali Sangtani: anjali@vprealtyservices.com: 972-591-8075
3095,No,No,"3829 Bonita Drive (Service fee) Plano, TX 75025","3829 Bonita Drive (Service fee) Plano, TX 75025",,No,,"3829 Bonita Drive (Service fee) Plano, TX 75025",3829 Bonita Drive (Service fee),,Plano,TX,75025,3829 Bonita Drive (Service fee),,,4/3.50,3790,Vacant-Unrented,No,100,3600,3095,,2024-10-15,2026-03-05,2026-03-15,,,0,3095,2026-03-15,2026-03-15,1751,1518,Anjali Sangtani: anjali@vprealtyservices.com: 972-591-8075
,No,No,"4007 Freedom St Heartland, TX 75126","4007 Freedom St Heartland, TX 75126",,No,,"4007 Freedom St Heartland, TX 75126",4007 Freedom St,,Heartland,TX,75126,4007 Freedom St,,,,,Vacant-Unrented,No,436,2400,,,2022-06-01,2025-04-03,2025-04-13,,,0,,2025-04-13,2025-04-13,1380,1148,Anjali Sangtani: anjali@vprealtyservices.com: 972-591-8075
2550,Yes,Yes,"413 Ashland - 413 Ashland Wylie, TX 75098",413 Ashland,,No,,"413 Ashland Wylie, TX 75098",413 Ashland,,Wylie,TX,75098,413 Ashland,,,4/3,2614,Vacant-Unrented,Yes,50,2725,2550,,2024-06-05,2026-05-31,2026-06-05,,"Uzma, uzma@vprealtyservices.com, (972) 591-8905â¬
https://www.vprealtyservices.com/listings/detail/03a7d279-525a-447f-89df-3f264c0f5e15",0,2550,2026-04-25,2026-06-10,100,"Raval, Atman",Uzma Urooj: uzma@vprealtyservices.com: 972-591-8905 (#8)
4095,Yes,Yes,"419 Rio Grande Dr Irving, TX 75039","419 Rio Grande Dr Irving, TX 75039",,No,,"419 Rio Grande Dr Irving, TX 75039",419 Rio Grande Dr,,Irving,TX,75039,419 Rio Grande Dr,,,4/4.50,3730,Notice-Unrented,Yes,14,4381.65,4095,,2024-07-15,2026-06-29,2026-07-04,,,0,4095,2026-05-31,2026-07-09,1681,"Ram Iyer, Neelima Rai and",Nishant Nanani: nishant@vprealtyservices.com: 903-213-3818 (#6)
2445,Yes,Yes,"420 4th Street Argyle - 420 4th Street Argyle, TX 76226",420 4th Street Argyle,,Yes,,"420 4th Street Argyle, TX 76226",420 4th Street,,Argyle,TX,76226,420 4th Street Argyle,,,3/2.50,2035,Vacant-Unrented,Yes,59,2595.5,2445,,2024-06-15,2026-05-31,2026-06-05,,"Uzma, uzma@vprealtyservices.com, (972) 591-8905â¬
https://www.vprealtyservices.com/listings/detail/46adcad6-d1bb-470e-833b-cab0ea4ef951",0,2445,2026-04-16,2026-06-10,1686,"Reddy Apala, Dinesh",Uzma Urooj: uzma@vprealtyservices.com: 972-591-8905 (#8)
,No,No,"420 Trump Tariff Lane Indiana, TX 39002","420 Trump Tariff Lane Indiana, TX 39002",,No,,"420 Trump Tariff Lane Indiana, TX 39002",420 Trump Tariff Lane,,Indiana,TX,39002,420 Trump Tariff Lane,,,,,Vacant-Unrented,Yes,0,,,,,,,,,0,,,,2016,1781,Anjali Sangtani: anjali@vprealtyservices.com: 972-591-8075
2795,No,No,"4212 VILLAGE GREEN DR - 4212 Village green drive Irving, TX 75038",4212 VILLAGE GREEN DR,,Yes,,"4212 Village green drive Irving, TX 75038",4212 Village green drive,,Irving,TX,75038,4212 VILLAGE GREEN DR,,,5/3.00,3098,Vacant-Unrented,Yes,74,2995,2795,,2024-02-23,2026-03-31,2026-04-10,,,0,2795,2026-04-10,2026-04-10,18,118,Anjali Sangtani: anjali@vprealtyservices.com: 972-591-8075
2495,Yes,Yes,"4304 Placer Mine Road, Aubrey, Texas 76227 - 4304 Placer Mine Road, Aubrey, TX 76227 Aubrey, TX 76227","4304 Placer Mine Road, Aubrey, Texas 76227",,No,,"4304 Placer Mine Road, Aubrey, TX 76227 Aubrey, TX 76227","4304 Placer Mine Road, Aubrey, TX 76227",,Aubrey,TX,76227,"4304 Placer Mine Road, Aubrey, Texas 76227",,,4/3,2332,Vacant-Unrented,Yes,15,,2495,,,,2026-07-01,,,0,2495,2026-05-30,,2068,"Agarwal, Arun",Husna  Siddiqui: husna@vprealtyservices.com: 903-751-5965 (#5)
3095,No,No,"4412 Stromboli Drive Plano, TX 75093","4412 Stromboli Drive Plano, TX 75093",,No,,"4412 Stromboli Drive Plano, TX 75093",4412 Stromboli Drive,,Plano,TX,75093,4412 Stromboli Drive,,,4/2.50,2651,Notice-Unrented,No,,3095,3095,,2024-06-10,2026-06-30,2026-07-10,,"
",0,3095,2026-07-10,2026-07-10,359,386,Anjali Sangtani: anjali@vprealtyservices.com: 972-591-8075
3395,No,No,"4514 Burnhill Drive (Lease only) - 4514 Burnhill Drive Plano, TX 75024",4514 Burnhill Drive (Lease only),,No,,"4514 Burnhill Drive Plano, TX 75024",4514 Burnhill Drive,,Plano,TX,75024,4514 Burnhill Drive (Lease only),,,4/3.50,2985,Vacant-Rented,No,0,,3395,,,,,2026-07-01,,0,3395,,,1706,1473,Anjali Sangtani: anjali@vprealtyservices.com: 972-591-8075
3050,Yes,Yes,"4520 White Rock Lane Plano, TX 75024","4520 White Rock Lane Plano, TX 75024",,Yes,,"4520 White Rock Lane Plano, TX 75024",4520 White Rock Lane,,Plano,TX,75024,4520 White Rock Lane,,,4/3,3065,Vacant-Unrented,Yes,26,2990.65,3050,,2024-07-25,2026-05-30,2026-06-06,,"
",0,3050,2026-05-19,2026-06-09,104,"Shaikh, Saleem M.",Husna  Siddiqui: husna@vprealtyservices.com: 903-751-5965 (#5)
2695,No,No,"4525 Teasley Lane, (Service fee) - 4525 Teasley Lane Denton, TX 76210","4525 Teasley Lane, (Service fee)",,No,,"4525 Teasley Lane Denton, TX 76210",4525 Teasley Lane,,Denton,TX,76210,"4525 Teasley Lane, (Service fee)",,,4/2.00,2915,Notice-Unrented,No,,2800,2695,,2023-04-17,2026-07-30,2026-08-05,,,0,2695,2026-06-15,2026-08-09,1378,1146,Anjali Sangtani: anjali@vprealtyservices.com: 972-591-8075
2295,No,No,"4613 Fox Sedge Lane, Denton, TX 76208","4613 Fox Sedge Lane, Denton, TX 76208",,No,,"4613 Fox Sedge Lane, Denton, TX 76208","4613 Fox Sedge Lane,",,Denton,TX,76208,"4613 Fox Sedge Lane,",,,4/2.00,2072,Vacant-Unrented,No,256,2295,2295,,2024-08-01,2025-09-30,2025-10-10,,,0,2295,2025-10-10,2025-10-10,1675,1443,Anjali Sangtani: anjali@vprealtyservices.com: 972-591-8075
,No,No,"4732 Bridgewater Street - 4732 Bridgewater Street Plano, TX 75074",4732 Bridgewater Street,,No,,"4732 Bridgewater Street Plano, TX 75074",4732 Bridgewater Street,,Plano,TX,75074,4732 Bridgewater Street,,,,,Vacant-Unrented,Yes,0,,,,,,,,,0,,,,284,311,Anjali Sangtani: anjali@vprealtyservices.com: 972-591-8075
1750,No,No,"503 silo Circle Royse City, TX 75189","503 silo Circle Royse City, TX 75189",,No,,"503 silo Circle Royse City, TX 75189",503 silo Circle,,Royse City,TX,75189,503 silo Circle,,,4/2.00,1732,Vacant-Unrented,No,256,1995,1750,,2024-03-15,2025-09-30,2025-10-10,,,0,1750,2025-10-10,2025-10-10,1800,1566,Anjali Sangtani: anjali@vprealtyservices.com: 972-591-8075
2150,Yes,Yes,"508 Chip Street Little Elm, TX 75068 (City and HOA Reg Must) - 508 Chip Street Little Elm, TX 75068","508 Chip Street Little Elm, TX 75068 (City and HOA Reg Must)",,Yes,,"508 Chip Street Little Elm, TX 75068",508 Chip Street,,Little Elm,TX,75068,"508 Chip Street Little Elm, TX 75068 (City and HOA Reg Must)",,,4/3,1864,Vacant-Unrented,Yes,3,2150,2150,,2025-07-15,2026-06-06,2026-06-11,,,0,2150,2026-06-11,2026-06-16,1889,"Mulukutla (S) ( high priority payment release) , Venkat",Sana Saiyed: sana@vprealtyservices.com: 903-225-9627 (#5)
2395,Yes,Yes,"508 Fossil Creek Drive Little Elm, TX 75068 (City and HOA Reg Must) - 508 Fossil Creek Drive Little Elm, TX 75068","508 Fossil Creek Drive Little Elm, TX 75068 (City and HOA Reg Must)",,No,,"508 Fossil Creek Drive Little Elm, TX 75068",508 Fossil Creek Drive,,Little Elm,TX,75068,"508 Fossil Creek Drive Little Elm, TX 75068 (City and HOA Reg Must)",,,4/2,2015,Vacant-Unrented,Yes,25,2195,2395,,2024-06-01,2026-05-31,2026-06-10,,,0,2395,2026-05-20,2026-06-10,224,"Ganatra, Manish",Nishant Nanani: nishant@vprealtyservices.com: 903-213-3818 (#6)
3495,Yes,Yes,"509 Wexford Drive, Celina, Texas 75009 - 509 Wexford Drive, Celina, TX 75009 Celina, TX 75009","509 Wexford Drive, Celina, Texas 75009",,No,,"509 Wexford Drive, Celina, TX 75009 Celina, TX 75009","509 Wexford Drive, Celina, TX 75009",,Celina,TX,75009,"509 Wexford Drive, Celina, Texas 75009",,,4/4.50,3285,Vacant-Unrented,Yes,10,,3495,,,,2026-06-04,,,0,3495,2026-06-04,,2070,"Immadisetty, Sunil",Anjali Sangtani: anjali@vprealtyservices.com: 972-591-8075 (#11)
2395,Yes,Yes,"5100 Royal Springs Drive Forney, TX 75126 - 5100 Royal Springs Drive Forney, TX 75126","5100 Royal Springs Drive Forney, TX 75126",,No,,"5100 Royal Springs Drive Forney, TX 75126",5100 Royal Springs Drive,,Forney,TX,75126,"5100 Royal Springs Drive Forney, TX 75126",,,4/2,2166,Notice-Unrented,Yes,2,2350,2395,,2021-12-01,2026-06-30,2026-07-10,,,0,2395,2026-06-12,2026-07-10,470,VP Group,Sana Saiyed: sana@vprealtyservices.com: 903-225-9627 (#5)
1695,No,No,"516 Tenison Lane McKinney, TX 75069  (City and HOA Reg must) - 516 Tenison Lane McKinney, TX 75069","516 Tenison Lane McKinney, TX 75069  (City and HOA Reg must)",,No,,"516 Tenison Lane McKinney, TX 75069",516 Tenison Lane,,McKinney,TX,75069,"516 Tenison Lane McKinney, TX 75069  (City and HOA Reg must)",,,3/2.00,1364,Vacant-Rented,Yes,13,1695,1695,,2024-12-01,2026-05-31,2026-06-10,2026-06-29,,0,1695,2026-04-15,2026-06-10,1804,1570,Anjali Sangtani: anjali@vprealtyservices.com: 972-591-8075
2545,No,No,"5404 Cookstown Ln, Fort Worth, TX 76036 - 5404 Cookstown Ln, Fort Worth, TX 76036","5404 Cookstown Ln, Fort Worth, TX 76036",,No,,"5404 Cookstown Ln, Fort Worth, TX 76036","5404 Cookstown Ln,",,Fort Worth,TX,76036,"5404 Cookstown Ln, Fort Worth, TX 76036",,,5/3.00,2722,Vacant-Unrented,No,348,2545,2545,,2023-09-26,2025-06-30,2025-07-10,,"Please visit the house, The home is Vacant. The code is 1975. For the showing, If you have an agent use Broker BayÂ (800Â 257-1242).

This spacious open-concept home includes a large living and kitchen area and a secondary living area or game room upstairs, with plenty of room to spread out or perfect for entertaining. The large primary suite includes an oversized walk-in closet. This home is full of storage including walk-in closets throughout, walk in pantry, and multiple linen closets. Finishes include stainless steel appliances, granite countertops, and vinyl wood flooring. The washer, dryer and refrigerator are included, and the property is pet friendly. Fenced backyard with an open view and a two-car garage. This property is so well maintained that it feels new, donât miss out on this great home!

- Home is available immediately.
- Pets are welcome ($600 Non- refundable per pet)
- HOA is paid by owners.
- No housing vouchers, no section 8
- Longer lease is preferred
- $55 per adult application fee
- Apply at vprealtyservices.com
- Application has to be online only at VP Realty, No Tar applications
- Mention your broker name and number in online application if applicable

If you don't see home on VP Realty website then it means it is leased.

Questions for this home:
Call Riddhi Trivedi: +1 (972)-591-8009 or Email:  riddhi@vprealtyservices.com
Leasing Number: +1 (214) 597-0294

This is the link for the application process and qualification criteria
https://tinyurl.com/ycksezpk
",0,2545,2025-07-10,2025-07-10,1391,1159,Anjali Sangtani: anjali@vprealtyservices.com: 972-591-8075
2395,Yes,Yes,"5405 Fairdale Drive Denton, TX 76208","5405 Fairdale Drive Denton, TX 76208",,Yes,,"5405 Fairdale Drive Denton, TX 76208",5405 Fairdale Drive,,Denton,TX,76208,5405 Fairdale Drive,,,4/2,1856,Vacant-Rented,Yes,59,,2395,,,,2026-04-16,2026-06-15,,0,2395,2026-04-16,,2055,"Living Trust, The D&M Patel",Jeel Hemrajani: jeel@vprealtyservices.com: 903-776-4548 (#7)
1750,Yes,Yes,"5409 Dolores Place (Service Fee) - 5409 Dolores Place Denton, TX 76208",5409 Dolores Place (Service Fee),,No,,"5409 Dolores Place Denton, TX 76208",5409 Dolores Place,,Denton,TX,76208,5409 Dolores Place (Service Fee),,,3/2.50,1475,Vacant-Unrented,No,5,1950,1750,,2023-06-07,2026-05-31,2026-06-10,,"Currently occupied with tenants, (Amanda Babcock - (940) 231-6485) . Please call or text our current residents to schedule a showing. They will allow scheduling a showing. If they don't allow it, it will be available only after a tenant moves out.

3 Bedroom, 2.5 Bath Town Home for Lease in Denton! Open First Floor with Large Kitchen Island. Half Bath Downstairs with All Three Bedrooms and Two Full Bathrooms Upstairs. ! Minutes Away from Lewisville Lake! Quick, Easy Access to Parks, Community pool, Schools, Shopping and I-35E and I-35W! 

- Home is available From June 10th.
- Pets are welcome ($500 refundable per pet)
- HOA is paid by owners.
- Washer-dryer and refrigerator available.
- This House has two garage
- No housing vouchers, no section 8
- Longer lease is preferred
- $55 per adult application fee
- Apply at vprealtyservices.com
- Application has to be online only at VP Realty, No Tar applications
- Mention your broker name and number in online application if applicable

If you don't see home on VP Realty website then it means it is leased.
Text 214 597 0294 or leave VM for a live agent

This is the link for the application process and qualification criteria
https://tinyurl.com/ycksezpk",0,1750,2026-06-09,2026-06-10,553,"BusinessHomes TX LLC (S) (Raj, Pranitha)",Sana Saiyed: sana@vprealtyservices.com: 903-225-9627 (#5)
1695,No,No,"5421 Dolores Place(Service fee) - 5421 Dolores Place Denton, TX 76208",5421 Dolores Place(Service fee),,Yes,,"5421 Dolores Place Denton, TX 76208",5421 Dolores Place,,Denton,TX,76208,5421 Dolores Place(Service fee),,,3/2.50,1475,Vacant-Rented,Yes,13,1700,1695,1695,2024-11-15,2026-05-31,,2026-06-15,,0,1695,2026-06-10,2026-06-10,556,872,Anjali Sangtani: anjali@vprealtyservices.com: 972-591-8075
2495,No,No,"5530 Agalinis Ave - 5530 Agalinis Ave Royse city, TX 75189",5530 Agalinis Ave,,No,,"5530 Agalinis Ave Royse city, TX 75189",5530 Agalinis Ave,,Royse city,TX,75189,5530 Agalinis Ave,,,4/2.50,2726,Vacant-Unrented,No,74,2700,2495,,2024-09-15,2026-03-31,2026-04-10,,,0,2495,2026-04-10,2026-04-10,1739,1506,Anjali Sangtani: anjali@vprealtyservices.com: 972-591-8075
2195,No,No,"569 Spruce Trail Forney, TX 75126 (City and HOA Reg must) - 569 Spruce Trail Forney, TX 75126","569 Spruce Trail Forney, TX 75126 (City and HOA Reg must)",,No,,"569 Spruce Trail Forney, TX 75126",569 Spruce Trail,,Forney,TX,75126,"569 Spruce Trail Forney, TX 75126 (City and HOA Reg must)",,,3/2.50,2207,Vacant-Rented,Yes,13,2832,2195,2195,2022-09-15,2026-05-31,,2026-06-15,,0,2195,2026-06-05,2026-06-10,429,746,Anjali Sangtani: anjali@vprealtyservices.com: 972-591-8075
2395,Yes,Yes,"5928 Mustang Creek Ln - 5928 Mustang Creek Lane Celina, TX 75009",5928 Mustang Creek Ln,,No,,"5928 Mustang Creek Lane Celina, TX 75009",5928 Mustang Creek Lane,,Celina,TX,75009,5928 Mustang Creek Ln,,,3/2.50,1900,Vacant-Unrented,Yes,60,,2395,,,,2026-06-07,,"Anjali, 972-591-8075, anjali@vprealtyservices.com",0,2395,2026-04-15,,1756,"Bhardwaj, Rahul",Anjali Sangtani: anjali@vprealtyservices.com: 972-591-8075 (#11)
2850,No,No,"5956 Revere Drive Aubrey, TX 76227","5956 Revere Drive Aubrey, TX 76227",,No,,"5956 Revere Drive Aubrey, TX 76227",5956 Revere Drive,,Aubrey,TX,76227,5956 Revere Drive,,,4/3.50,2767,Vacant-Unrented,No,49,3135,2850,,2024-04-01,2026-04-25,2026-05-05,,"Currently occupied by the owner, for showings call owner on (972)-646-0025. If you have an agent you can schedule the appointment with Broker Bay (800 257-1242).

Cambridge floor plan 2767 square feet, 4 bedroom, 3.5 bath, all bedrooms upstairs, with an open kitchen down stairs along with a formal dining. Kitchen appliances have been upgraded and are whirlpool appliances, along with quartz countertops, 42 inch cabinets in the kitchen and a beautiful backsplash to match. The primary bedroom has a balcony off of the back of the home with the most breath taking view on the property. Along with a separate garden tub and shower and very spacious closet in the primary bath. The backyard is very spacious and this home is a premium corner lot with a lot of space next door as well for entertainment if needed!!

- Available immediately  
- Homeowners' Association (HOA) fees are covered by the owners
- Tenants Need to bring Washer-Dryer-Refrigerator 
- No housing vouchers or Section 8
- Application fee of $65 per adult
- Apply online at vprealtyservices.com (No TAR applications)
- Please mention your broker's name and number in the online application if applicable

(PET POLICY):
- Pets are welcome. The pet deposit is $600 refundable per pet.

(REQUIREMENT):
- The Credit requirement is on a case-by-case basis. If the credit scores are lower then more deposits may be needed
- Rental history, income, background, and credit history will be verified
- Monthly income must be at least 3 times the monthly rent.

(DEPOSIT):
- The deposit is a minimum of one month's rent, subject to case-by-case evaluation and credit assessment.
- Qualification in the slides below

Please note: If the home is not listed on the VP Realty website, it means it has been leased.

Questions for this home:
Call Nishant: +1 (903) 213-3818 or Email: nishant@vprealtyservices.com
Leasing Number: +1 (214) 597-0294

To begin the application process and review the qualification criteria, please visit the following link:
https://tinyurl.com/ycksezpk

Don't miss out on this incredible opportunity to secure this beautiful new home. Apply now and make it yours!",0,2850,2026-05-05,2026-05-05,1654,1422,Anjali Sangtani: anjali@vprealtyservices.com: 972-591-8075
2145,No,No,"6033 Hightower Street Celina, TX 76227","6033 Hightower Street Celina, TX 76227",,No,,"6033 Hightower Street Celina, TX 76227",6033 Hightower Street,,Celina,TX,76227,6033 Hightower Street,,,4/2.00,2010,Vacant-Unrented,No,74,2145,2145,,2024-12-25,2026-03-31,2026-04-10,,,0,2145,2026-04-10,2026-04-10,1806,1572,Anjali Sangtani: anjali@vprealtyservices.com: 972-591-8075
1695,No,No,"604 Indian Creek Anna, TX 75409","604 Indian Creek Anna, TX 75409",,No,,"604 Indian Creek Anna, TX 75409",604 Indian Creek,,Anna,TX,75409,604 Indian Creek,,,3/2.00,1635,Vacant-Unrented,Yes,0,,1695,,,,2026-01-16,,,0,1695,,,2013,1778,Anjali Sangtani: anjali@vprealtyservices.com: 972-591-8075
2250,No,No,"608 Stud Drive Aubrey, TX 76227","608 Stud Drive Aubrey, TX 76227",,Yes,,"608 Stud Drive Aubrey, TX 76227",608 Stud Drive,,Aubrey,TX,76227,608 Stud Drive,,,4/2.00,2062,Vacant-Rented,Yes,0,,2250,2250,,,,2026-06-20,,0,2250,2026-04-20,,2049,1814,Anjali Sangtani: anjali@vprealtyservices.com: 972-591-8075
2095,No,No,"612 Mare Drive, Aubrey, Texas 76227 - 612 Mare Drive Aubrey, TX 76227","612 Mare Drive, Aubrey, Texas 76227",,No,,"612 Mare Drive Aubrey, TX 76227",612 Mare Drive,,Aubrey,TX,76227,"612 Mare Drive, Aubrey, Texas 76227",,,4/2.00,2062,Vacant-Unrented,No,163,2070,2095,,2025-12-16,2026-01-01,2026-01-11,,,0,2095,2026-01-11,2026-01-11,1987,1753,Anjali Sangtani: anjali@vprealtyservices.com: 972-591-8075
3895,No,No,"6128 Mulberry Creek Celina, TX 75009","6128 Mulberry Creek Celina, TX 75009",,No,,"6128 Mulberry Creek Celina, TX 75009",6128 Mulberry Creek,,Celina,TX,75009,6128 Mulberry Creek,,,5/4.50,3725,Vacant-Unrented,Yes,0,,3895,,,,2024-10-28,,,0,3895,2025-01-14,,1791,1557,Anjali Sangtani: anjali@vprealtyservices.com: 972-591-8075
2395,No,No,"613 Grenada Lake Dr Princeton, TX 75407","613 Grenada Lake Dr Princeton, TX 75407",,No,,"613 Grenada Lake Dr Princeton, TX 75407",613 Grenada Lake Dr,,Princeton,TX,75407,613 Grenada Lake Dr,,,4/3.00,2395,Vacant-Unrented,No,561,2634.5,2395,,2023-08-01,2024-11-29,2024-12-09,,"This home is a ready-to-move new-build house. The home is available Immediately. You can apply, and we can secure a lease. for showing call owner Gaurav Mehta at +1 (925) 789-8533. 

This exquisite residence is a true gem, offering an unparalleled living experience. Situated on a picturesque corner lot, this never-before-rented, newly constructed home is sure to captivate you. The property features a spacious back garden, providing a serene oasis for your relaxation and refreshment.

(PROPERTY DETAILS):

- Brand new construction, never rented before
- 4 bedrooms and 3 baths
- 1 spacious living area
- 1 elegant dining area
- The Monroe floor plan showcases a stunning open first-floor gathering room and island kitchen
- Upstairs loft for additional versatility
- Luxurious suite for ultimate comfort
- Upgraded features include quartz countertops, stainless steel appliances, and luxurious vinyl plank flooring
- Princeton Independent School District
- Convenient access to Hwy 380, Hwy 75, and the Sam Rayburn Tollway (Hwy 121)
- Close proximity to Lavon Lake, JM Caldwell Sr. Community Park, and Westgate Shopping Center
- Multiple retail and dining options are located just 11 miles away in McKinney
- Major employers and opportunities nearby
- Fiber network provides up to Gigabit Internet speeds

This home is thoughtfully designed to offer both style and functionality, ensuring a comfortable and contemporary living space. The modern finishes and attention to detail throughout create an ambiance of sophistication and luxury.

(KEY DETAILS):

- The home is available Immediately.
- Homeowners' Association (HOA) fees are covered by the owners
- Washer, dryer, and refrigerator need to be provided by the tenant
- No housing vouchers or Section 8
- Longer lease terms are preferred
- Application fee of $55 per adult
- Apply online at vprealtyservices.com (No TAR applications)
- Please mention your broker's name and number in the online application if applicable

(REQUIREMENT):

- The Credit requirement is on a case-by-case basis. If the credit scores are lower then more deposits may be needed
- Rental history, income, background, and credit history will be verified
- Monthly income must be at least 3 times the monthly rent.

(DEPOSIT):

- The deposit is a minimum of one month's rent, subject to case-by-case evaluation and credit assessment.

Please note: If the home is not listed on the VP Realty website, it means it has been leased.

Questions for this home:
Call Jay Rupareliya: +1 (972) 591-8553 or Email: jay_r@vprealtyservices.com
Leasing Number: +1 (214) 597-0294

To begin the application process and review the qualification criteria, please visit the following link:
https://tinyurl.com/ycksezpk

Don't miss out on this incredible opportunity to secure this beautiful new home. Apply now and make it yours!",0,2395,2024-12-09,2024-12-09,1518,1286,Anjali Sangtani: anjali@vprealtyservices.com: 972-591-8075
1095,No,No,"615 Senda Irving, TX 75039","615 Senda Irving, TX 75039",,No,,"615 Senda Irving, TX 75039",615 Senda,,Irving,TX,75039,615 Senda,,,1/1.00,2107,Vacant-Unrented,Yes,0,,1095,,,,2025-02-27,,,0,1095,2025-02-27,,1853,1619,Anjali Sangtani: anjali@vprealtyservices.com: 972-591-8075
2395,No,No,"623 Colgate Circle Princeton, TX 75407","623 Colgate Circle Princeton, TX 75407","Kitchen Island, Granite Countertops, Walk-in Pantry, Built-in Cabinets, Dual Sinks, Game Room, Covered Patio/Porch, Built-in Lawn Sprinkler, Rain Gutters, Cable Available, High Speed Internet Available, Fully Fenced, Community Pool, Park, Playground, Side",No,,"623 Colgate Circle Princeton, TX 75407",623 Colgate Circle,,Princeton,TX,75407,623 Colgate Circle,,,4/3.00,2252,Vacant-Unrented,Yes,0,,2395,,,,2026-07-01,,,0,2395,,,2076,1840,Anjali Sangtani: anjali@vprealtyservices.com: 972-591-8075
2095,No,No,"6237 Stone Lake Drive Fort Worth, TX 76179","6237 Stone Lake Drive Fort Worth, TX 76179",,No,,"6237 Stone Lake Drive Fort Worth, TX 76179",6237 Stone Lake Drive,,Fort Worth,TX,76179,6237 Stone Lake Drive,,,4/2.00,2095,Vacant-Unrented,No,411,2495,2095,,2022-10-19,2025-04-28,2025-12-05,,,0,2095,2025-12-05,2025-05-08,1337,1105,Anjali Sangtani: anjali@vprealtyservices.com: 972-591-8075
2350,No,No,"626 Arawe W Circle (Service fee) - 626 Arawe W Circle Irving, TX 75060",626 Arawe W Circle (Service fee),,Yes,,"626 Arawe W Circle Irving, TX 75060",626 Arawe W Circle,,Irving,TX,75060,626 Arawe W Circle (Service fee),,,6/2.50,2277,Vacant-Unrented,Yes,13,2550,2350,,2024-03-15,2026-05-31,2026-06-05,,,0,2350,2026-04-17,2026-06-10,13,137,Anjali Sangtani: anjali@vprealtyservices.com: 972-591-8075
1895,No,No,"635 Beltrand Lane (Approvals - Viren) - 635 Beltrand Lane Fate, TX 75087",635 Beltrand Lane (Approvals - Viren),,No,,"635 Beltrand Lane Fate, TX 75087",635 Beltrand Lane,,Fate,TX,75087,635 Beltrand Lane (Approvals - Viren),,,4/2.00,1835,Vacant-Rented,Yes,13,2188.15,1895,1895,2024-07-06,2026-05-31,,2026-06-20,,0,1895,2026-04-20,2026-06-10,1508,1276,Anjali Sangtani: anjali@vprealtyservices.com: 972-591-8075
3395,No,No,"6405 Sapphire Drive McKinney, TX 75070   (City and HOA Reg must) - 6405 Sapphire Drive McKinney, TX 75070","6405 Sapphire Drive McKinney, TX 75070   (City and HOA Reg must)",,No,,"6405 Sapphire Drive McKinney, TX 75070",6405 Sapphire Drive,,McKinney,TX,75070,"6405 Sapphire Drive McKinney, TX 75070   (City and HOA Reg must)",,,4/3.50,3331,Vacant-Unrented,Yes,13,2995,3395,,2024-07-15,2026-05-31,2026-06-06,,,0,3395,2026-04-23,2026-06-10,1709,1476,Anjali Sangtani: anjali@vprealtyservices.com: 972-591-8075
4745,No,No,"6852 Thistlewood Ln Frisco, TX 75034","6852 Thistlewood Ln Frisco, TX 75034",,No,,"6852 Thistlewood Ln Frisco, TX 75034",6852 Thistlewood Ln,,Frisco,TX,75034,6852 Thistlewood Ln,,,5/4.00,4507,Vacant-Unrented,Yes,13,4200,4745,,2024-04-15,2026-05-31,2026-06-10,,"The owner currently occupies the house. To schedule a showing, please call Vaishnavi at (616) 676-6744. Alternatively, you can reach out to Anjali at 972-591-8075 or via email at anjali@vprealtyservices.com. If you have an agent, please use Broker Bay at (800) 257-1242 for the showing.

Beautiful 5 bedroom Shaddock home in Pearson Farms. This luxurious home features Hand Scraped Hardwood floors, Plantation Shutters throughout, a spacious family room with a soaring 20 ft ceiling, and an impressive Stone Fireplace. The spacious island kitchen boasts an elegant hood with corbels, granite, double ovens, and a walk-in pantry. The open floor plan has a master suite with a spa-like master bath, and a second bedroom down, 3 bedrooms, a loft area with a built-in desk, a game room, and a media room up. We covered the patio with a fire pit in the backyard. Includes refrigerator, washer, and dryer. Home theater, water filter, and security system, community pool, park, and playground just down the street. Close to Dallas North Tollway and Downtown Frisco.

- The home will be available on 04/01/2024
- Homeowners' Association (HOA) fees are covered by the owners
- Washer-Dryer-Refrigerator are included
- No housing vouchers or Section 8
- Application fee of $65 per adult
- Apply online at vprealtyservices.com (No TAR applications)
- Please mention your broker's name and number in the online application if applicable

(PET POLICY):
- Pets are welcome. The pet deposit is $600 for each pet, and it is refundable.

(REQUIREMENT):
- The Credit requirement is on a case-by-case basis. If the credit scores are lower then more deposits may be needed
- Rental history, income, background, and credit history will be verified
- Monthly income must be at least 3 times the monthly rent.

(DEPOSIT):
- The deposit is a minimum of one month's rent, subject to case-by-case evaluation and credit assessment.
- Qualification in the slides below

Please note: If the home is not listed on the VP Realty website, it means it has been leased.
For further inquiries or to schedule a viewing, please text 214-597-0294 or leave a voicemail for a live agent.

Questions for this home:
Call Anjali Sangtani: 972-591-8075, or anjali@vprealtyservices.com.
Leasing Number: +1 (214) 597-0294

To begin the application process and review the qualification criteria, please visit the following link:
https://tinyurl.com/ycksezpk

Don't miss out on this incredible opportunity to secure this beautiful new home. Apply now and make it yours!",0,4745,2026-06-10,2026-06-10,1636,1404,Anjali Sangtani: anjali@vprealtyservices.com: 972-591-8075
3595,No,No,"700 Thetford Lane Plano, TX 75074","700 Thetford Lane Plano, TX 75074",,No,,"700 Thetford Lane Plano, TX 75074",700 Thetford Lane,,Plano,TX,75074,700 Thetford Lane,,,4/3.50,3265,Vacant-Rented,Yes,15,3846.65,3595,3595,2024-06-22,2026-05-29,,2026-06-15,,0,3595,2026-06-04,2026-06-08,1699,1467,Anjali Sangtani: anjali@vprealtyservices.com: 972-591-8075
2550,No,No,"706 South Jupiter Road Unit 801 Allen, TX 75002","706 South Jupiter Road Unit 801 Allen, TX 75002",,No,,"706 South Jupiter Road Unit 801 Allen, TX 75002",706 South Jupiter Road,Unit 801,Allen,TX,75002,706 South Jupiter Road,,,4/4.00,1907,Vacant-Unrented,No,521,2450,2550,,2019-08-01,2025-01-08,2025-01-08,,"Rent $ 2550 Per Month

Currently occupied with the tenant Michelle Garcia  (956) 312-7189 . Please call or text our current residents to schedule a showing. They will allow scheduling a showing. If they don't allow then it will be available for showing only after the tenant moves.

This Spacious low maintenance Town home in Allen has a lot to offer. Washer-Dryer and
Refrigerator are included. Granite counter tops, Move-in ready condition! Guest suite downstairs
could be used as master in addition to main master bedroom upstairs. Fenced Backyard. Hurry
this won't last long! Close to Allen shopping, restaurants.

- Home is available from 07/01/2022
- Pets are welcome ($500 refundable per pet)
- HOA is paid by owners.
- No housing vouchers, no section 8
- Longer lease is preferred
- $55 per adult application fee.
- Apply at vprealtyservices.com
- Application has to be online only at VP Realty, No Tar applications
- Mention your broker name and number in online application if applicable

If you don't see home on VP Realty website then it means it is leased.
Text 214 597 0294 or leave VM for a live agent

This is the link for the application process and qualification criteria
https://tinyurl.com/y3a97pmc",0,2550,2025-01-18,2025-01-18,231,254,Anjali Sangtani: anjali@vprealtyservices.com: 972-591-8075
1625,No,No,"709 Wyche (Service fee) - 709 Wyche Irving, TX 75061",709 Wyche (Service fee),,Yes,,"709 Wyche Irving, TX 75061",709 Wyche,,Irving,TX,75061,709 Wyche (Service fee),,,3/2.00,2236,Vacant-Unrented,No,557,,1625,,2019-04-15,2024-12-03,2024-12-13,,"Perfect quaint one story home, brand new carpet throughout as well as a fresh coat of paint in a quiet established community! This home offers 2 living areas, 3 good sized bedrooms,walk in closet in the master, covered carport and a large backyard with a covered patio! You'll have to see it for yourself to appreciate it! You can see this home anytime using the combo code 1975. Take your time looking around!",0,1625,2024-12-13,2024-12-13,11,143,Anjali Sangtani: anjali@vprealtyservices.com: 972-591-8075
3995,No,No,"7110 Pampas Place - 7110 Pampas Place Venus, TX 76084",7110 Pampas Place,,No,,"7110 Pampas Place Venus, TX 76084",7110 Pampas Place,,Venus,TX,76084,7110 Pampas Place,,,5/4.00,3908,Vacant-Unrented,Yes,0,,3995,,,,2025-02-01,,,0,3995,2025-01-10,,1828,1594,Anjali Sangtani: anjali@vprealtyservices.com: 972-591-8075
2795,No,No,"725 Morningside Trail, Murphy TX 75094 - 725 Morningside Trail Murphy, TX 75094","725 Morningside Trail, Murphy TX 75094",,No,,"725 Morningside Trail Murphy, TX 75094",725 Morningside Trail,,Murphy,TX,75094,"725 Morningside Trail, Murphy TX 75094",,,4/3.00,2857,Vacant-Unrented,No,82,2795,2795,,2026-03-15,2026-03-23,2026-04-02,,,0,2795,2026-04-02,2026-04-02,2035,1800,Anjali Sangtani: anjali@vprealtyservices.com: 972-591-8075
3495,No,No,"728 Kendall lane Celina, TX 75009","728 Kendall lane Celina, TX 75009",,No,,"728 Kendall lane Celina, TX 75009",728 Kendall lane,,Celina,TX,75009,728 Kendall lane,,,5/4.00,2897,Vacant-Rented,Yes,0,,3495,3200,,,,2026-07-01,,0,3495,2026-04-25,,2057,1822,Anjali Sangtani: anjali@vprealtyservices.com: 972-591-8075
2395,No,No,"7314 Westhaven Dr (Tenants maintains himself at his expense, owner approval must if there is expense) - 7314 Westhaven Dr Rowlett, TX 75089","7314 Westhaven Dr (Tenants maintains himself at his expense, owner approval must if there is expense)",,No,,"7314 Westhaven Dr Rowlett, TX 75089",7314 Westhaven Dr,,Rowlett,TX,75089,"7314 Westhaven Dr (Tenants maintains himself at his expense, owner approval must if there is expense)",,,4/3.50,3120,Vacant-Unrented,No,11,2395,2395,,2024-12-19,2026-06-02,2026-06-12,,,0,2395,2026-06-12,2026-06-12,42,149,Anjali Sangtani: anjali@vprealtyservices.com: 972-591-8075
4295,No,No,"7436 Stoney Point Dr, Plano , 75025 - 7436 Stoney Point Dr Plano, TX 75025","7436 Stoney Point Dr, Plano , 75025",,No,,"7436 Stoney Point Dr Plano, TX 75025",7436 Stoney Point Dr,,Plano,TX,75025,"7436 Stoney Point Dr, Plano , 75025",,,4/5.00,3604,Vacant-Unrented,Yes,0,,4295,,,,2026-01-02,,,0,4295,2026-01-05,,2008,1773,Anjali Sangtani: anjali@vprealtyservices.com: 972-591-8075
2895,Yes,Yes,"7611 Cordova Drive ( City inspection/rental registration required) - 7611 Cordova Drive Frisco, TX 75035",7611 Cordova Drive ( City inspection/rental registration required),,No,,"7611 Cordova Drive Frisco, TX 75035",7611 Cordova Drive,,Frisco,TX,75035,7611 Cordova Drive ( City inspection/rental registration required),,,2.5,2390,Vacant-Unrented,Yes,6,,2895,,,,2026-06-08,,,0,2895,2026-06-08,,2072,"Singh Pawar, Surender",Nishant Nanani: nishant@vprealtyservices.com: 903-213-3818 (#6)
2150,No,No,"7612 Jerome Dr (Service Fee) - 7612 Jerome Dr Plano, TX 75025",7612 Jerome Dr (Service Fee),,Yes,,"7612 Jerome Dr Plano, TX 75025",7612 Jerome Dr,,Plano,TX,75025,7612 Jerome Dr (Service Fee),,,3/2.00,1963,Vacant-Unrented,Yes,13,2400,2150,,2024-05-13,2026-05-31,2026-06-07,,,0,2150,2026-05-11,2026-06-10,1348,1116,Anjali Sangtani: anjali@vprealtyservices.com: 972-591-8075
2895,No,No,"7657 Ravenhill - 7657 Ravenhill Frisco, TX 75035",7657 Ravenhill,,No,,"7657 Ravenhill Frisco, TX 75035",7657 Ravenhill,,Frisco,TX,75035,7657 Ravenhill,,,4/3.00,2585,Notice-Unrented,Yes,,2495,2895,,2025-07-15,2026-06-30,2026-07-06,,,0,2895,2026-05-25,2026-07-10,93,152,Anjali Sangtani: anjali@vprealtyservices.com: 972-591-8075
1995,Yes,Yes,"7713 Gus Wilson Drive McKinney, TX 75071  (City and HOA Reg must) - 7713 Gus Wilson Drive McKinney, TX 75071","7713 Gus Wilson Drive McKinney, TX 75071  (City and HOA Reg must)",,No,,"7713 Gus Wilson Drive McKinney, TX 75071",7713 Gus Wilson Drive,,McKinney,TX,75071,"7713 Gus Wilson Drive McKinney, TX 75071  (City and HOA Reg must)",,,3/2,1481,Vacant-Rented,Yes,60,1895,1995,,2025-01-10,2026-05-31,2026-06-05,2026-06-15,,0,1995,2026-04-15,2026-06-10,1816,"Saurabh Abhishek, Akhil Singhal,",Jeel Hemrajani: jeel@vprealtyservices.com: 903-776-4548 (#7)
1995,Yes,Yes,"7733 Ruellia Rd McKinney, TX 75071 (City and HOA Reg must) - 7733 Ruellia Rd McKinney, TX 75071","7733 Ruellia Rd McKinney, TX 75071 (City and HOA Reg must)",,Yes,,"7733 Ruellia Rd McKinney, TX 75071",7733 Ruellia Rd,,McKinney,TX,75071,"7733 Ruellia Rd McKinney, TX 75071 (City and HOA Reg must)",,,3/2,1407,Vacant-Unrented,Yes,58,2095,1995,,2025-07-10,2026-05-11,2026-05-21,,,0,1995,2026-04-17,2026-05-21,1805,"Deshpande, Alok Shrikant",Jeel Hemrajani: jeel@vprealtyservices.com: 903-776-4548 (#7)
1750,No,Yes,"778 Camden Drive Lavon, TX 75166","778 Camden Drive Lavon, TX 75166",,No,,"778 Camden Drive Lavon, TX 75166",778 Camden Drive,,Lavon,TX,75166,778 Camden Drive,,,3/2.00,1636,Vacant-Unrented,No,8,,1750,,2024-08-15,2026-06-05,2026-06-15,,,0,1750,2026-05-26,2026-06-15,602,950,Anjali Sangtani: anjali@vprealtyservices.com: 972-591-8075
2445,No,No,"783 Crestridge Drive, Lavon, Texas 75166 - 783 Crestridge Drive Lavon, TX 75166","783 Crestridge Drive, Lavon, Texas 75166",,No,,"783 Crestridge Drive Lavon, TX 75166",783 Crestridge Drive,,Lavon,TX,75166,"783 Crestridge Drive, Lavon, Texas 75166",,,3/2.00,1590,Vacant-Unrented,Yes,0,,2445,,,,2026-01-01,,,0,2445,2025-12-03,,1999,1765,Anjali Sangtani: anjali@vprealtyservices.com: 972-591-8075
2095,No,No,"7917 Gilbert Street McKinney, TX 75071 - 7917 Gilbert Street McKinney, TX 75071","7917 Gilbert Street McKinney, TX 75071",,No,,"7917 Gilbert Street McKinney, TX 75071",7917 Gilbert Street,,McKinney,TX,75071,"7917 Gilbert Street McKinney, TX 75071",,,3/2.00,1480,Vacant-Unrented,Yes,0,,2095,,,,2026-04-05,,,0,2095,2026-02-17,,2032,1797,Anjali Sangtani: anjali@vprealtyservices.com: 972-591-8075
3295,No,No,"8044 Zeppos Drive - 8044 Zeppos Drive Plano, TX 75024",8044 Zeppos Drive,,No,,"8044 Zeppos Drive Plano, TX 75024",8044 Zeppos Drive,,Plano,TX,75024,8044 Zeppos Drive,,,3/3.50,2389,Vacant-Rented,Yes,13,3095,3295,3295,2024-06-13,2026-05-31,,2026-06-15,,0,3295,2026-06-10,2026-06-10,1683,1451,Anjali Sangtani: anjali@vprealtyservices.com: 972-591-8075
3095,Yes,Yes,"809 Park Place Ln. McKinney, TX 75071  (City and HOA Reg must) - 809 Park Place Ln. McKinney, TX 75071","809 Park Place Ln. McKinney, TX 75071  (City and HOA Reg must)",,Yes,,"809 Park Place Ln. McKinney, TX 75071",809 Park Place Ln.,,McKinney,TX,75071,"809 Park Place Ln. McKinney, TX 75071  (City and HOA Reg must)",,,4/3.50,2705,Vacant-Unrented,Yes,32,3100,3095,,2025-04-17,2026-05-31,2026-06-05,,,0,3095,2026-05-13,2026-06-10,1638,"Engineer, Sagar",Nishant Nanani: nishant@vprealtyservices.com: 903-213-3818 (#6)
3195,No,No,"8114 Foraker Street Frisco , TX 75034 (HOA reg must) - 8114 Foraker Street FriscoÂ , TX 75034","8114 Foraker Street Frisco , TX 75034 (HOA reg must)",,No,,"8114 Foraker Street FriscoÂ , TX 75034",8114 Foraker Street,,FriscoÂ ,TX,75034,"8114 Foraker Street Frisco , TX 75034 (HOA reg must)",,,4/3.50,2288,Vacant-Unrented,Yes,0,,3195,,,,2025-06-18,,,0,3195,,,1914,1680,Anjali Sangtani: anjali@vprealtyservices.com: 972-591-8075
2350,Yes,Yes,"813 Cottonwood Way Royse City, TX 75189","813 Cottonwood Way Royse City, TX 75189",,No,,"813 Cottonwood Way Royse City, TX 75189",813 Cottonwood Way,,Royse City,TX,75189,813 Cottonwood Way,,,4/3,2347,Vacant-Unrented,Yes,61,2495,2350,,2023-06-01,2026-05-31,2026-06-10,,,0,2350,2026-04-14,2026-06-10,1456,813 Cottonwood (Milan Shah),Jeel Hemrajani: jeel@vprealtyservices.com: 903-776-4548 (#7)
,No,No,"816 Breakwater Dr Princeton, TX 75407","816 Breakwater Dr Princeton, TX 75407",,No,,"816 Breakwater Dr Princeton, TX 75407",816 Breakwater Dr,,Princeton,TX,75407,816 Breakwater Dr,,,,,Vacant-Unrented,Yes,0,,,,,,,,,0,,,,1921,1687,Anjali Sangtani: anjali@vprealtyservices.com: 972-591-8075
,No,No,"8537 Nicholson Drive Frisco, 75036","8537 Nicholson Drive Frisco, 75036",,No,,"8537 Nicholson Drive Frisco, 75036",8537 Nicholson Drive,,Frisco,,75036,8537 Nicholson Drive,,,,,Vacant-Unrented,Yes,0,,,,,,,,,0,,,,1817,1583,Anjali Sangtani: anjali@vprealtyservices.com: 972-591-8075
3495,Yes,Yes,"9008 Guadalupe Plano, TX 75024","9008 Guadalupe Plano, TX 75024",,No,,"9008 Guadalupe Plano, TX 75024",9008 Guadalupe,,Plano,TX,75024,9008 Guadalupe,,,5/3.50,3054,Vacant-Rented,No,65,4195,3495,,2025-02-21,2026-03-31,2026-04-10,2026-06-19,"Anjali Sangtani, anjali@vprealtyservices.com, 972-591-8075
https://www.vprealtyservices.com/listings/detail/77eeebd4-54ba-4e81-9c2f-f97d59e2d693",0,3495,2026-04-10,2026-04-10,1823,"Bonthala, Vinodkumar",Anjali Sangtani: anjali@vprealtyservices.com: 972-591-8075 (#11)
1995,No,No,"9017 Thrasher Place McKinney, TX 75071","9017 Thrasher Place McKinney, TX 75071",,Yes,,"9017 Thrasher Place McKinney, TX 75071",9017 Thrasher Place,,McKinney,TX,75071,9017 Thrasher Place,,,4/2.00,1411,Vacant-Unrented,No,804,2400,1995,,2024-03-01,2024-03-31,2026-04-15,,,0,1995,2026-04-15,2024-04-10,1632,1400,Anjali Sangtani: anjali@vprealtyservices.com: 972-591-8075
2295,No,No,"908 Appalachian dr (Service fee) - 908 Appalachian dr Wylie, TX 75098",908 Appalachian dr (Service fee),,No,,"908 Appalachian dr Wylie, TX 75098",908 Appalachian dr,,Wylie,TX,75098,908 Appalachian dr (Service fee),,,4/2.00,2100,Vacant-Unrented,No,179,2410,2295,,2024-11-12,2025-12-16,2025-12-26,,,0,2295,2025-12-26,2025-12-26,407,581,Anjali Sangtani: anjali@vprealtyservices.com: 972-591-8075
2495,Yes,Yes,"9113 Hope Dr (NM) (City and HOA Reg must) - 9113 Hope Drive Providence Village, TX 76227",9113 Hope Dr (NM) (City and HOA Reg must),,Yes,,"9113 Hope Drive Providence Village, TX 76227",9113 Hope Drive,,Providence Village,TX,76227,9113 Hope Dr (NM) (City and HOA Reg must),,,4/2.50,2805,Vacant-Unrented,Yes,73,2650,2495,,2021-03-08,2026-05-31,2026-06-10,,,0,2495,2026-04-02,2026-06-10,390,"Dalal, Ganesh",Heena Patel: heena@vprealtyservices.com: 972-591-8102 (#2)
2395,No,No,"9215 Switch Grass Ln Forney, TX 75126 (Services fee) - 9215 Switch Grass Ln Forney, TX 75126","9215 Switch Grass Ln Forney, TX 75126 (Services fee)",,No,,"9215 Switch Grass Ln Forney, TX 75126",9215 Switch Grass Ln,,Forney,TX,75126,"9215 Switch Grass Ln Forney, TX 75126 (Services fee)",,,3/2.00,2078,Vacant-Unrented,No,133,2395,2395,,2024-08-05,2026-01-31,2026-02-10,,,0,2395,2026-02-10,2026-02-10,497,813,Anjali Sangtani: anjali@vprealtyservices.com: 972-591-8075
2395,No,No,"9475 Smoke Tree Dr Forney, TX 75126 (Service fee) - 9475 Smoke Tree Dr Forney, TX 75126","9475 Smoke Tree Dr Forney, TX 75126 (Service fee)",,No,,"9475 Smoke Tree Dr Forney, TX 75126",9475 Smoke Tree Dr,,Forney,TX,75126,"9475 Smoke Tree Dr Forney, TX 75126 (Service fee)",,,3/2.00,2176,Vacant-Unrented,No,409,2400,2395,,2024-04-07,2025-04-30,2025-05-10,,"Currently occupied with tenants, (Darius R. Davis - (682) 248-5431). Please call or text our current residents to schedule a showing. They will allow scheduling a showing. If they don't allow it, it will be available only after a tenant moves out. If you have an agent you can schedule the appointment with Broker Bay (800 257-1242).

This beautiful spacious home offers 3 bedrooms, 2 baths, and a bonus room. The master bedroom has a huge walk-in closet with dual sinks in the bath. This home is perfect for entertainment with a spacious kitchen, dining, and living room. The home also comes with a built-in security system all around the home.

- The home will be available on April 7th, 2024.
- Homeowners' Association (HOA) fees are covered by the owners
- Tenants Need to bring Washer-Dryer-Refrigerator 
- No housing vouchers or Section 8
- Application fee of $65 per adult
- Apply online at vprealtyservices.com (No TAR applications)
- Please mention your broker's name and number in the online application if applicable

(PET POLICY):
- Pets are welcome. The pet deposit is $600 for each pet, and it is non-refundable.

(REQUIREMENT):
- The Credit requirement is on a case-by-case basis. If the credit scores are lower then more deposits may be needed
- Rental history, income, background, and credit history will be verified
- Monthly income must be at least 3 times the monthly rent.

(DEPOSIT):
- The deposit is a minimum of one month's rent, subject to case-by-case evaluation and credit assessment.
- Qualification in the slides below

Please note: If the home is not listed on the VP Realty website, it means it has been leased.
For further inquiries or to schedule a viewing, please text 214-597-0294 or leave a voicemail for a live agent.

To begin the application process and review the qualification criteria, please visit the following link:
https://tinyurl.com/ycksezpk

Don't miss out on this incredible opportunity to secure this beautiful new home. Apply now and make it yours!",0,2395,2025-05-10,2025-05-10,389,562,Anjali Sangtani: anjali@vprealtyservices.com: 972-591-8075
3095,Yes,Yes,"9704 Tanen Drive, Plano, TX 75025","9704 Tanen Drive, Plano, TX 75025",,No,,"9704 Tanen Drive, Plano, TX 75025","9704 Tanen Drive,",,Plano,TX,75025,"9704 Tanen Drive,",,,4/3,2753,Notice-Rented,Yes,6,3095,3095,,2025-02-15,2026-06-30,2026-07-06,2026-07-06,,0,3095,2026-06-08,2026-07-10,1835,"Arindam Guha, Binny Malik,",Anjali Sangtani: anjali@vprealtyservices.com: 972-591-8075 (#11)
2795,No,No,"9720 Kingsmill Drive (Service Fee) - 9720 Kingsmill Drive Plano, TX 75025",9720 Kingsmill Drive (Service Fee),,No,,"9720 Kingsmill Drive Plano, TX 75025",9720 Kingsmill Drive,,Plano,TX,75025,9720 Kingsmill Drive (Service Fee),,,5/3.50,3231,Vacant-Rented,Yes,13,3100,2795,2795,2022-12-03,2026-05-31,,2026-06-15,"Uzma, uzma@vprealtyservices.com, (972) 591-8905â¬
https://www.vprealtyservices.com/listings/detail/02230b03-1ff4-4db2-8ef9-658b20d7caf0",0,2795,2026-04-17,2026-06-10,1387,1155,Anjali Sangtani: anjali@vprealtyservices.com: 972-591-8075
4495,No,No,"9728 Hickory Hill Rd, Frisco TX 75035  (HOA Reg Must) - 9728 Hickory Hill Rd Frisco, TX 75035","9728 Hickory Hill Rd, Frisco TX 75035  (HOA Reg Must)",,No,,"9728 Hickory Hill Rd Frisco, TX 75035",9728 Hickory Hill Rd,,Frisco,TX,75035,"9728 Hickory Hill Rd, Frisco TX 75035  (HOA Reg Must)",,,5/4.00,4096,Vacant-Unrented,No,105,4600,4495,,2024-02-17,2026-02-28,2026-03-10,,"Currently, occupied with the Owner Pallavi Reddy (972) 757-1639. Please call or text our current residents to schedule a showing. They will allow scheduling a showing. If they don't allow then it will be available for showing only after the owner moves. If you have an agent you can schedule the appointment with Broker Bay (800 257-1242)

This stunning two-story home boasts a luxurious design with a spacious layout. The first level features two bedrooms and two bathrooms, providing convenience and comfort. Moving up to the second level, you'll find three bedrooms and two and a half bathrooms, including a master suite with quartz countertops. The kitchen is a highlight of the home, featuring granite counters, a quartz-topped oversized island, and a walk-in pantry. The formal dining room adds an elegant touch for special occasions. Additionally, the second level offers a gaming room and a media room, providing versatile spaces for entertainment. The spacious game room upstairs.

- The home will be available on 2/10/2024
- Tenants Need to bring Washer-Dryer-Refrigerator 
- No housing vouchers or Section 8
- Application fee of $55 per adult
- Apply online at vprealtyservices.com (No TAR applications)
- Please mention your broker's name and number in the online application if applicable

(PET POLICY):
- Pets are welcome. The pet deposit is $600 for each pet, and it is non-refundable.

(REQUIREMENT):
- The Credit requirement is on a case-by-case basis. If the credit scores are lower then more deposits may be needed
- Rental history, income, background, and credit history will be verified
- Monthly income must be at least 3 times the monthly rent.

(DEPOSIT):
- The deposit is a minimum of one month's rent, subject to case-by-case evaluation and credit assessment.
- Qualification in the slides below

Please note: If the home is not listed on the VP Realty website, it means it has been leased.

Questions for this home:
Connect for info with Yash Borad - âªâª(972) 591-1017â¬ or Email: Yash@vprealtyservices.com
Leasing Number: +1 (214) 597-0294

For further inquiries or to schedule a viewing, please text 214-597-0294 or leave a voicemail for a live agent.

To begin the application process and review the qualification criteria, please visit the following link:
https://tinyurl.com/ycksezpk

Don't miss out on this incredible opportunity to secure this beautiful new home. Apply now and make it yours!""",0,4495,2026-03-10,2026-03-10,1612,1380,Anjali Sangtani: anjali@vprealtyservices.com: 972-591-8075
1600,No,No,"9801 Cedarcrest Drive (City and HOA Reg must) - 9801 Cedarcrest Drive Providence Village, TX 76227",9801 Cedarcrest Drive (City and HOA Reg must),,No,,"9801 Cedarcrest Drive Providence Village, TX 76227",9801 Cedarcrest Drive,,Providence Village,TX,76227,9801 Cedarcrest Drive (City and HOA Reg must),,,3/2.50,1493,Vacant-Unrented,No,74,1600,1600,,2026-03-01,2026-03-31,2026-04-10,,,0,1600,2026-04-10,2026-04-10,1936,1702,Anjali Sangtani: anjali@vprealtyservices.com: 972-591-8075
795,No,No,"9803 Walnut Street Unit#305 - 9803 Walnut Street Unit#305 Dallas, TX 75243",9803 Walnut Street Unit#305,,No,,"9803 Walnut Street Unit#305 Dallas, TX 75243",9803 Walnut Street Unit#305,,Dallas,TX,75243,9803 Walnut Street Unit#305,,,1/1.00,486,Vacant-Unrented,No,412,945,795,,2023-01-01,2025-04-27,2025-05-07,,,0,795,2025-05-07,2025-05-07,1398,1166,Anjali Sangtani: anjali@vprealtyservices.com: 972-591-8075
1200,No,No,"Bonita Gardens Apartments - 3410 Fordham Road Dallas, TX 75216",Bonita Gardens Apartments,"Gated Community, Onsite Laundry Facilities, Playground",No,,"3410 Fordham Road - Unit 101 Dallas, TX 75216",3410 Fordham Road - Unit 101,,Dallas,TX,75216,Unit 101,,Bonita - B - 2/1,2/1.00,762,Vacant-Unrented,No,26,1150,1200,,2024-10-07,2026-05-18,2026-05-28,,,0,1200,2026-05-28,2026-05-28,368,395,Anjali Sangtani: anjali@vprealtyservices.com: 972-591-8075
1200,No,No,"Bonita Gardens Apartments - 3410 Fordham Road Dallas, TX 75216",Bonita Gardens Apartments,"Gated Community, Onsite Laundry Facilities, Playground",No,,"3410 Fordham Road - Unit 220 Dallas, TX 75216",3410 Fordham Road - Unit 220,,Dallas,TX,75216,Unit 220,,Bonita - B - 2/1,2/1.00,762,Vacant-Unrented,No,2,1194,1200,,2022-09-24,2026-06-11,2026-06-21,,,0,1200,2026-06-21,2026-06-21,368,411,Anjali Sangtani: anjali@vprealtyservices.com: 972-591-8075
1200,No,No,"Bonita Gardens Apartments - 3410 Fordham Road Dallas, TX 75216",Bonita Gardens Apartments,"Gated Community, Onsite Laundry Facilities, Playground",No,,"3410 Fordham Road - Unit 224 Dallas, TX 75216",3410 Fordham Road - Unit 224,,Dallas,TX,75216,Unit 224,,Bonita - B - 2/1,2/1.00,762,Vacant-Unrented,No,239,1100,1200,,2019-03-01,2025-10-17,2025-10-27,,,0,1200,2025-10-27,2025-10-27,368,415,Anjali Sangtani: anjali@vprealtyservices.com: 972-591-8075
1200,No,No,"Bonita Gardens Apartments - 3410 Fordham Road Dallas, TX 75216",Bonita Gardens Apartments,"Gated Community, Onsite Laundry Facilities, Playground",No,,"3410 Fordham Road - Unit 315 Dallas, TX 75216",3410 Fordham Road - Unit 315,,Dallas,TX,75216,Unit 315,,Bonita - B - 2/1,2/1.00,762,Vacant-Unrented,No,10,1100,1200,,2025-11-13,2026-06-03,2026-06-22,,,0,1200,2026-06-22,2026-06-13,368,430,Anjali Sangtani: anjali@vprealtyservices.com: 972-591-8075
1200,No,No,"Bonita Gardens Apartments - 3410 Fordham Road Dallas, TX 75216",Bonita Gardens Apartments,"Gated Community, Onsite Laundry Facilities, Playground",No,,"3410 Fordham Road - Unit 406 Dallas, TX 75216",3410 Fordham Road - Unit 406,,Dallas,TX,75216,Unit 406,,Bonita - B - 2/1,2/1.00,762,Vacant-Unrented,No,5,1100,1200,,2026-01-01,2026-06-08,2026-06-18,,,0,1200,2026-06-18,2026-06-18,368,445,Anjali Sangtani: anjali@vprealtyservices.com: 972-591-8075
1200,No,No,"Bonita Gardens Apartments - 3410 Fordham Road Dallas, TX 75216",Bonita Gardens Apartments,"Gated Community, Onsite Laundry Facilities, Playground",No,,"3410 Fordham Road - Unit 414 Dallas, TX 75216",3410 Fordham Road - Unit 414,,Dallas,TX,75216,Unit 414,,Bonita - B - 2/1,2/1.00,762,Vacant-Unrented,No,440,1100,1200,,2023-10-14,2025-03-30,2025-04-09,,,0,1200,2025-04-09,2025-04-09,368,453,Anjali Sangtani: anjali@vprealtyservices.com: 972-591-8075
1200,No,No,"Bonita Gardens Apartments - 3410 Fordham Road Dallas, TX 75216",Bonita Gardens Apartments,"Gated Community, Onsite Laundry Facilities, Playground",No,,"3410 Fordham Road - Unit 419 Dallas, TX 75216",3410 Fordham Road - Unit 419,,Dallas,TX,75216,Unit 419,,Bonita - B - 2/1,2/1.00,762,Vacant-Unrented,No,10,1150,1200,,2023-10-02,2026-06-03,2026-06-26,,,0,1200,2026-06-26,2026-06-13,368,458,Anjali Sangtani: anjali@vprealtyservices.com: 972-591-8075
1200,No,No,"Bonita Gardens Apartments - 3410 Fordham Road Dallas, TX 75216",Bonita Gardens Apartments,"Gated Community, Onsite Laundry Facilities, Playground",No,,"3410 Fordham Road - Unit 505 Dallas, TX 75216",3410 Fordham Road - Unit 505,,Dallas,TX,75216,Unit 505,,Bonita - B - 2/1,2/1.00,762,Vacant-Unrented,No,11,1025,1200,,2023-05-01,2026-06-02,2026-06-12,,,0,1200,2026-06-12,2026-06-12,368,470,Anjali Sangtani: anjali@vprealtyservices.com: 972-591-8075
1200,No,No,"Bonita Gardens Apartments - 3410 Fordham Road Dallas, TX 75216",Bonita Gardens Apartments,"Gated Community, Onsite Laundry Facilities, Playground",No,,"3410 Fordham Road - Unit 511 Dallas, TX 75216",3410 Fordham Road - Unit 511,,Dallas,TX,75216,Unit 511,,Bonita - B - 2/1,2/1.00,762,Vacant-Unrented,No,12,1100,1200,,2025-05-29,2026-06-01,2026-06-11,,,0,1200,2026-06-11,2026-06-11,368,476,Anjali Sangtani: anjali@vprealtyservices.com: 972-591-8075
995,No,No,"Country Living Apartments - 3100 5th Street Sachse, TX 75048",Country Living Apartments,Onsite Laundry Facilities,Yes,,"3100 5th Street Unit 101 Sachse, TX",3100 5th Street Unit 101,,Sachse,TX,,Unit 101,,,2/1.00,792,Vacant-Rented,No,13,995,995,,2025-01-15,2026-05-31,2026-06-10,2026-07-01,,0,995,2026-06-10,2026-06-10,238,261,Anjali Sangtani: anjali@vprealtyservices.com: 972-591-8075
1050,No,No,"Glen Oaks Apartments - 5101 Hawthorne Dr Waco, TX 76710",Glen Oaks Apartments,"Onsite Laundry Facilities, Picnic area, BBQ Area",No,,"5101 Hawthorne #119 Waco, TX 76710",5101 Hawthorne #119,,Waco,TX,76710,119,,A3-1/1,1/1.00,575,Vacant-Rented,Yes,3,1050,1050,,2026-02-20,2026-06-10,2026-06-10,2026-06-15,,0,1050,2026-06-15,2026-06-20,1329,974,Anjali Sangtani: anjali@vprealtyservices.com: 972-591-8075
1400,No,No,"Glen Oaks Apartments - 5101 Hawthorne Dr Waco, TX 76710",Glen Oaks Apartments,"Onsite Laundry Facilities, Picnic area, BBQ Area",No,,"5100 Sanger Ave #142 Waco, TX 76710",5100 Sanger Ave #142,,Waco,TX,76710,142,,B2-2/1,2/1.00,775,Vacant-Unrented,No,348,1400,1400,,2022-06-06,2025-06-30,2025-11-01,,,0,1400,2025-11-01,2025-07-10,1329,996,Anjali Sangtani: anjali@vprealtyservices.com: 972-591-8075
1400,No,No,"Glen Oaks Apartments - 5101 Hawthorne Dr Waco, TX 76710",Glen Oaks Apartments,"Onsite Laundry Facilities, Picnic area, BBQ Area",No,,"5100 Sanger Ave #143 Waco, TX 76710",5100 Sanger Ave #143,,Waco,TX,76710,143,,B2-2/1,2/1.00,775,Vacant-Unrented,No,255,1400,1400,,2024-05-17,2025-10-01,2025-12-06,,,0,1400,2025-12-06,2025-10-11,1329,997,Anjali Sangtani: anjali@vprealtyservices.com: 972-591-8075
1050,No,No,"Glen Oaks Apartments - 5101 Hawthorne Dr Waco, TX 76710",Glen Oaks Apartments,"Onsite Laundry Facilities, Picnic area, BBQ Area",No,,"5100 Sanger Ave #149 Waco, TX 76710",5100 Sanger Ave #149,,Waco,TX,76710,149,,A3-1/1,1/1.00,575,Vacant-Unrented,Yes,105,950,1050,,2025-03-11,2026-02-28,2026-03-10,,,0,1050,2026-03-10,2026-03-10,1329,1003,Anjali Sangtani: anjali@vprealtyservices.com: 972-591-8075
1400,No,No,"Glen Oaks Apartments - 5101 Hawthorne Dr Waco, TX 76710",Glen Oaks Apartments,"Onsite Laundry Facilities, Picnic area, BBQ Area",No,,"5101 Hawthorne #208 Waco, TX 76710",5101 Hawthorne #208,,Waco,TX,76710,208,,B1-2/1,2/1.00,775,Vacant-Unrented,No,246,1300,1400,,2024-08-14,2025-10-10,2025-11-15,,,0,1400,2025-11-15,2025-10-20,1329,1033,Anjali Sangtani: anjali@vprealtyservices.com: 972-591-8075
1400,No,No,"Glen Oaks Apartments - 5101 Hawthorne Dr Waco, TX 76710",Glen Oaks Apartments,"Onsite Laundry Facilities, Picnic area, BBQ Area",No,,"5101 Hawthorne #227 Waco, TX 76710",5101 Hawthorne #227,,Waco,TX,76710,227,,B1-2/1,2/1.00,775,Vacant-Unrented,No,358,1275,1400,,2022-01-12,2025-06-20,2025-06-30,,,0,1400,2025-06-30,2025-06-30,1329,1053,Anjali Sangtani: anjali@vprealtyservices.com: 972-591-8075
1050,No,No,"Glen Oaks Apartments - 5101 Hawthorne Dr Waco, TX 76710",Glen Oaks Apartments,"Onsite Laundry Facilities, Picnic area, BBQ Area",No,,"5100 Sanger Ave #239 Waco, TX 76710",5100 Sanger Ave #239,,Waco,TX,76710,239,,A3-1/1,1/1.00,575,Vacant-Unrented,No,255,1000,1050,,2010-09-08,2025-10-01,2025-12-06,,,0,1050,2025-12-06,2025-10-11,1329,1065,Anjali Sangtani: anjali@vprealtyservices.com: 972-591-8075
1400,No,No,"Glen Oaks Apartments - 5101 Hawthorne Dr Waco, TX 76710",Glen Oaks Apartments,"Onsite Laundry Facilities, Picnic area, BBQ Area",No,,"5100 Sanger Ave #242 Waco, TX 76710",5100 Sanger Ave #242,,Waco,TX,76710,242,,B2-2/1,2/1.00,775,Vacant-Unrented,No,161,1400,1400,,2023-11-01,2026-01-03,2026-02-27,,,0,1400,2026-02-27,2026-01-13,1329,1068,Anjali Sangtani: anjali@vprealtyservices.com: 972-591-8075
1050,No,No,"Glen Oaks Apartments - 5101 Hawthorne Dr Waco, TX 76710",Glen Oaks Apartments,"Onsite Laundry Facilities, Picnic area, BBQ Area",No,,"5100 Sanger Ave #253 Waco, TX 76710",5100 Sanger Ave #253,,Waco,TX,76710,253,,A3-1/1,1/1.00,575,Vacant-Unrented,Yes,492,950,1050,,2014-04-04,2025-02-06,2025-05-01,,,0,1050,2025-05-01,2025-02-16,1329,1079,Anjali Sangtani: anjali@vprealtyservices.com: 972-591-8075
1050,No,No,"Glen Oaks Apartments - 5101 Hawthorne Dr Waco, TX 76710",Glen Oaks Apartments,"Onsite Laundry Facilities, Picnic area, BBQ Area",No,,"5100 Sanger Ave #266 Waco, TX 76710",5100 Sanger Ave #266,,Waco,TX,76710,266,,A3-1/1,1/1.00,575,Vacant-Unrented,Yes,506,1050,1050,,2017-03-17,2025-01-23,2025-04-01,,,0,1050,2025-04-01,2025-02-02,1329,1092,Anjali Sangtani: anjali@vprealtyservices.com: 972-591-8075
1049,No,No,"Sky Landing Apartments - 400 Ralph St White Settlement, TX 76108",Sky Landing Apartments,"Dog Park, Playground, Picnic area, BBQ Area, Onsite Laundry Facilities",No,,"458 Ralph St - Unit 201 White Settlement, TX 76108",458 Ralph St - Unit 201,,White Settlement,TX,76108,Unit 201,,Sky Landing - A1 - 1/1,1/1.00,625,Vacant-Unrented,No,71,1175,1225,,2024-08-19,2026-04-03,2026-04-13,,,0,1225,2026-04-13,2026-04-13,415,613,Anjali Sangtani: anjali@vprealtyservices.com: 972-591-8075
1225,No,No,"Sky Landing Apartments - 400 Ralph St White Settlement, TX 76108",Sky Landing Apartments,"Dog Park, Playground, Picnic area, BBQ Area, Onsite Laundry Facilities",No,,"458 Ralph St - Unit 202 White Settlement, TX 76108",458 Ralph St - Unit 202,,White Settlement,TX,76108,Unit 202,,Sky Landing - A1 - 1/1,1/1.00,625,Vacant-Unrented,No,57,,1225,,2023-03-03,2026-04-17,2026-04-27,,,0,1225,2026-04-27,2026-04-27,415,614,Anjali Sangtani: anjali@vprealtyservices.com: 972-591-8075
1225,No,No,"Sky Landing Apartments - 400 Ralph St White Settlement, TX 76108",Sky Landing Apartments,"Dog Park, Playground, Picnic area, BBQ Area, Onsite Laundry Facilities",No,,"460 Ralph St - Unit 206 White Settlement, TX 76108",460 Ralph St - Unit 206,,White Settlement,TX,76108,Unit 206,,Sky Landing - A1 - 1/1,1/1.00,625,Vacant-Unrented,Yes,13,1225,1225,,2025-06-07,2026-05-31,,,,0,1225,2025-06-06,2026-06-10,415,618,Anjali Sangtani: anjali@vprealtyservices.com: 972-591-8075
1225,No,No,"Sky Landing Apartments - 400 Ralph St White Settlement, TX 76108",Sky Landing Apartments,"Dog Park, Playground, Picnic area, BBQ Area, Onsite Laundry Facilities",No,,"462 Ralph St - Unit 209 White Settlement, TX 76108",462 Ralph St - Unit 209,,White Settlement,TX,76108,Unit 209,,Sky Landing - A1 - 1/1,1/1.00,625,Notice-Unrented,Yes,,1175,1225,,2023-07-03,2026-06-30,,,,0,1225,2022-04-01,2026-07-10,415,621,Anjali Sangtani: anjali@vprealtyservices.com: 972-591-8075
1225,No,No,"Sky Landing Apartments - 400 Ralph St White Settlement, TX 76108",Sky Landing Apartments,"Dog Park, Playground, Picnic area, BBQ Area, Onsite Laundry Facilities",No,,"452 Ralph St - Unit 215 White Settlement, TX 76108",452 Ralph St - Unit 215,,White Settlement,TX,76108,Unit 215,,Sky Landing - A1 - 1/1,1/1.00,625,Vacant-Unrented,No,44,1225,1225,,2024-01-22,2026-04-30,2026-05-10,,,0,1225,2026-05-10,2026-05-10,415,627,Anjali Sangtani: anjali@vprealtyservices.com: 972-591-8075
1225,No,No,"Sky Landing Apartments - 400 Ralph St White Settlement, TX 76108",Sky Landing Apartments,"Dog Park, Playground, Picnic area, BBQ Area, Onsite Laundry Facilities",No,,"454 Ralph St - Unit 220 White Settlement, TX 76108",454 Ralph St - Unit 220,,White Settlement,TX,76108,Unit 220,,Sky Landing - A1 - 1/1,1/1.00,625,Vacant-Unrented,No,71,1225,1225,,2024-08-29,2026-04-03,2026-04-13,,,0,1225,2026-04-13,2026-04-13,415,632,Anjali Sangtani: anjali@vprealtyservices.com: 972-591-8075
1549,No,No,"Sky Landing Apartments - 400 Ralph St White Settlement, TX 76108",Sky Landing Apartments,"Dog Park, Playground, Picnic area, BBQ Area, Onsite Laundry Facilities",No,,"444 Ralph St - Unit 323 White Settlement, TX 76108",444 Ralph St - Unit 323,,White Settlement,TX,76108,Unit 323,,Sky Landing - C1 - 3/1.5,3/1.50,969,Vacant-Unrented,No,36,1549,1549,,2024-12-16,2026-05-08,2026-05-18,,,0,1549,2026-05-18,2026-05-18,415,659,Anjali Sangtani: anjali@vprealtyservices.com: 972-591-8075
1375,No,No,"Sky Landing Apartments - 400 Ralph St White Settlement, TX 76108",Sky Landing Apartments,"Dog Park, Playground, Picnic area, BBQ Area, Onsite Laundry Facilities",No,,"434 Ralph St - Unit 412 White Settlement, TX 76108",434 Ralph St - Unit 412,,White Settlement,TX,76108,Unit 412,,Sky Landing - B1 - 2/1,2/1.00,801,Vacant-Unrented,No,36,1375,1375,,2025-05-01,2026-05-08,2026-05-18,,,0,1375,2026-05-18,2026-05-18,415,672,Anjali Sangtani: anjali@vprealtyservices.com: 972-591-8075
1375,No,No,"Sky Landing Apartments - 400 Ralph St White Settlement, TX 76108",Sky Landing Apartments,"Dog Park, Playground, Picnic area, BBQ Area, Onsite Laundry Facilities",No,,"436 Ralph St - Unit 414 White Settlement, TX 76108",436 Ralph St - Unit 414,,White Settlement,TX,76108,Unit 414,,Sky Landing - B1 - 2/1,2/1.00,801,Vacant-Unrented,No,36,1425,1375,,2025-02-21,2026-05-08,2026-05-18,,,0,1375,2026-05-18,2026-05-18,415,674,Anjali Sangtani: anjali@vprealtyservices.com: 972-591-8075
1375,No,No,"Sky Landing Apartments - 400 Ralph St White Settlement, TX 76108",Sky Landing Apartments,"Dog Park, Playground, Picnic area, BBQ Area, Onsite Laundry Facilities",No,,"424 Ralph St - Unit 520 White Settlement, TX 76108",424 Ralph St - Unit 520,,White Settlement,TX,76108,Unit 520,,Sky Landing - B1 - 2/1,2/1.00,801,Vacant-Unrented,No,57,1375,1375,,2025-03-01,2026-04-17,2026-04-27,,,0,1375,2026-04-27,2026-04-27,415,696,Anjali Sangtani: anjali@vprealtyservices.com: 972-591-8075
1549,No,No,"Sky Landing Apartments - 400 Ralph St White Settlement, TX 76108",Sky Landing Apartments,"Dog Park, Playground, Picnic area, BBQ Area, Onsite Laundry Facilities",No,,"412 Ralph St - Unit 802 White Settlement, TX 76108",412 Ralph St - Unit 802,,White Settlement,TX,76108,Unit 802,,Sky Landing - C1 - 3/1.5,3/1.50,969,Vacant-Unrented,No,879,1499,1549,,2023-03-10,2024-01-16,2024-01-26,,,0,1549,2024-01-26,2024-01-26,415,710,Anjali Sangtani: anjali@vprealtyservices.com: 972-591-8075